作者,看板,標題,時間,分數,內容
yu800910 (掃地機器人),movie,[問片] 問一部有關移民二代的片（結局雷）,Thu Aug 22 03:06:22 2019,0,"

是一部滿久的片，劇情下收，有結局雷：





男主角是移民到美國（應該是）的華裔第二代（似乎是韓裔），父母已經離婚，男主角跟爸爸住一起，而媽媽改嫁外國人。




男主角在學校（記得是高中生）被一群人欺負很慘，後來才知道帶頭欺負他的男配角是男主角的媽媽的繼子。

結局防雷：









結局是男主角跟女主角參加舞會，然後被男配角給槍殺了。



希望幫忙神一下了，謝謝

--
※ 發信站: 批踢踢實業坊(ptt.cc), 來自: 223.139.213.160 (臺灣)
※ 文章網址: https://www.ptt.cc/bbs/movie/M.1566414384.A.4F7.html
"
loneleonlmc (一個正常的瘋子),movie,Re: [討論] 談判破局！ 蜘蛛人退出漫威宇宙！,Thu Aug 22 06:11:32 2019,2,"
※ 引述《aehvtleo ()》之銘言：
: https://cutt.ly/owdnLUz
: 驚！
: 根據Deadline報導，漫威跟索尼未能達成協議
: 談判破裂！！！
: 蜘蛛人將完全退出漫威宇宙，索尼擁有全權；前面的梗都白鋪了，漫威這下尷尬了！

以下有復四雷
放一張圖防雷
https://i.imgur.com/1JkcwGC.jpg



其實我覺得索尼會這樣並不意外，開始的合作互惠，讓蜘蛛人去內戰露臉，鋼鐵人來返校
日加持。離家日又是MCU第三階段的結尾，這些對蜘蛛人的票房一定都有幫助。

但是鋼鐵人死了，美隊也不在了，跟蜘蛛人比較有關係的超級英雄都不在了。前兩集的襯
托已經把荷蘭弟這個蜘蛛人捧紅了，繼續跟漫威合作的利基點變小了，索尼會想要自己拍
其實並不意外。

--
※ 發信站: 批踢踢實業坊(ptt.cc), 來自: 101.12.20.218 (臺灣)
※ 文章網址: https://www.ptt.cc/bbs/movie/M.1566425495.A.D8A.html
"
agoonee (Ian),movie,[請益] 尋求以微生物或細菌為主題的電影,Thu Aug 22 07:32:01 2019,21,"
最近因為工作需求，希望找幾片歐美電影，內容主題是以細菌/微生物為主軸的。
若是細菌更好，病毒次之，真菌或寄生蟲再次之。
若沒有當主軸的，出現一些片段亦可。
真人電影或動畫皆可，不過希望是有些知名度的電影。

感謝協助。

--
※ 發信站: 批踢踢實業坊(ptt.cc), 來自: 60.249.228.245 (臺灣)
※ 文章網址: https://www.ptt.cc/bbs/movie/M.1566430323.A.F96.html
※ 編輯: agoonee (60.249.228.245 臺灣), 08/22/2019 08:32:07
"
burnsy0018 (burnsy),movie,[新聞] 瑪格羅比、莎莉賽隆、妮可基嫚聯手揭發,Thu Aug 22 09:37:59 2019,1,"
預告:

https://youtu.be/YXL33tEUA3g


瑪格羅比、莎莉賽隆、妮可基嫚聯手揭發性醜聞！《Bombshell》前導預告曝光


《Bombshell》由《王牌大賤諜》三部曲導演-傑洛奇執導，《大賣空》《愛情藥不藥》
編劇查爾斯藍道夫執筆劇本，該片改編自2016年福斯新聞網主播葛瑞琴卡爾森揭發執行
長羅傑艾爾斯長期對女性員工及同事的性騷惡行的真實事件。

妮可基嫚飾演主播卡爾森，莎莉賽隆飾演主播梅根凱莉，瑪格羅比則飾演一位電影虛構
的助理製作人角色-凱亞波茲皮索。其他參演卡司包括凱特麥金儂、艾莉森珍妮、艾莉絲
伊芙、康妮布莉頓等堅強陣容。北美預計12月20日上映。

新聞網址:
https://geek-base.toy-people.com/?p=7118




莎莉賽隆特效化妝也太厲害了，跟梅根凱莉如出一轍 (其實也很像伊莉莎白班克絲)

https://i.imgur.com/1yZzjaZ.jpg

妮可基嫚飾也跟主播格雷琴卡爾森非常神似

https://i.imgur.com/WT9kCty.jpg


好萊塢三大實力派金髮美女齊聚一堂, 期待電影上映~~


--
※ 發信站: 批踢踢實業坊(ptt.cc), 來自: 111.250.157.246 (臺灣)
※ 文章網址: https://www.ptt.cc/bbs/movie/M.1566437881.A.960.html
※ 編輯: burnsy0018 (111.250.157.246 臺灣), 08/22/2019 09:45:58
"
m2017 (Ares),movie,[討論] 飛車追逐，追到了可以幹嘛？,Wed Aug 21 21:30:15 2019,6,"
飛車追逐已經是動作片的必定橋段，可是追到了可以幹嘛？

要停下對方嗎？高速行駛的車輛要怎樣停下來
要殺死對方嗎？怎麼看都是蠻沒效率的作法
要知道對方去哪裡嗎？蠻合理的解釋

硬要說我覺得比較合理的追逐戰，應該是諜戰巴黎裡面，搶制高點用火箭筒轟掉對方的車
，其他的根本不知道追到要幹嘛

請問有哪部電影有比較合理的飛車追逐嗎？

--
※ 發信站: 批踢踢實業坊(ptt.cc), 來自: 223.137.137.71 (臺灣)
※ 文章網址: https://www.ptt.cc/bbs/movie/M.1566394217.A.268.html
"
kkaicd1 (夏天的熱浪),movie,[新聞] 田中圭【大叔之愛電影版】秀精湛崩潰顏藝,Wed Aug 21 21:32:34 2019,3,"
新聞網址：https://cciitw.pixnet.net/blog/post/228112421
田中圭《大叔之愛電影版》崩潰顏藝大爆發  選男友竟然選「他」

勇奪推特（Twitter）世界熱搜趨勢冠軍，並榮登2018年日本「新語‧流行語大賞」TOP10的熱門神劇《大叔之愛》，作為最終完結的《大叔之愛電影版》，即將在9月6日於全台爆笑上映。男主角田中圭片中不僅再度面臨「少女心部長」與「巨根愛人」的情感左右拉扯，電影版更加入全新大叔與鮮肉角色，以「五角戀愛大亂鬥」爆笑再加碼！田中圭也將在片中展現優秀的「內心小劇場」與「崩潰顏藝」，讓觀眾笑到凍未條。自認笑點極低的田中，也大讚飾演部長的吉田鋼太郎超有趣，跟他對戲都必須忍住笑意到內傷。他也爆料林遣都常會脫稿演出，讓他常有雞同鴨講的問號感
。當被問到自己如果是男主角「春田」，會選擇少女心部長還是巨根愛人呢？田中圭想了好久，結果語出驚人表示：「我應該會選擇部長吧。」回答也顯示出田中跟他飾演角色的不同面向。


吉田鋼太郎《大叔之愛電影版》搞笑打人  害田中圭麵粉灑滿臉

田中圭以日劇《大叔之愛》成為演藝圈當紅炸子雞，這回以《大叔之愛電影版》強勢回歸。他自認雖然非常辛苦、忙碌，但真的非常開心，也盡情發揮演出實力。尤其他在日劇中大秀豐富的「內心小劇場」與「崩潰顏藝」，就連哭戲都很有渲染力，這回電影版也將再度看到他的精彩表現。透露自己笑點極低的他，常常被吉田鋼太郎的表演笑到凍未條。他透露片中最印象深刻的一場戲，莫過就是他跟志尊淳、吉田鋼太郎三人在烏龍麵店的戲。


在那場戲當中，吉田鋼太郎演到一半，突然出手打了志尊淳，最後害田中圭被掉下來的麵粉灑得滿身都是，模樣搞笑卻也狼狽不堪。田中對此苦笑回憶：「灑麵粉之前的一來一往實在太精彩，讓我不禁開玩笑問導演：『已經這麼精彩了，我根本不用被灑麵粉吧！』」田中也進一步表示：「跟吉田對戲時，我真是拼了命忍住笑意。完全不知道他會出什麼招，實在是太厲害了。和他共演，為我帶來很大的表演刺激。」


林遣都脫稿演出  田中圭《大叔之愛電影版》笑稱跟他雞同鴨講

至於在《大叔之愛電影版》飾演男主角愛人「小牧」的林遣都，田中圭也是對他又愛又恨，更常被他的「脫稿演出」惹得滿頭問號：「雖然偶爾抓不太到他的意思，但還是很有趣。他經常會脫稿演出，有時候甚至會讓我覺得『怎麼會是這樣演？』但我們之間的一來一往其實超好玩的。」他進一步透露：「我們有點各說各話，他好像也抓不太到我的意思，有時候甚至會讓我覺得『你剛才真的有在聽我說話嗎？』之類的。不過這也讓我們之間的戲更有真實感，也反映出春田與牧之間的關係。」


雖然田中圭在電影中被各方角色愛慕，但對於「追求」或「被追求」，自己在感情上會比較傾向哪一方面呢？田中圭也表示：「畢竟自己身為男性，應該還是比較喜歡主動追求吧。」那如果自己是男主角「春田」的話，又會選擇部長「武藏」還是愛人「小牧」呢？田中圭也是想了滿久，結果語出驚人地表示：「在這之中，我應該會選擇部長吧。」回答也顯示出田中跟所飾演角色的不同面向。


這部年度必看爆笑愛情神片《大叔之愛電影版》，即將在9月6日於全台爆笑獻映。重溫《大叔之愛》日劇，就在愛奇藝台灣站（http://bit.ly/2NldFSq）。本片劇情描述喜歡童顏巨乳卻女人緣極差的天空不動產魯蛇職員春田創一（田中圭飾演），某日突然迎來人生第一個桃花期！他不但被已婚的少女心部長?澤武藏（吉田鋼太郎飾演）告白，還被帥氣的巨根後輩牧凌太（林遣都飾演）浴室強吻，展開笑淚交織的愛情大亂鬥。就在春田情定牧，在馬路旁互許愛的誓言之後，春田隨即被外派到上海、香港，一年後才重回日本，與牧、部長再度相會。此時，天空不動產總部的核心
團隊「Genius7」突然現身，領導者狸穴迅（澤村一樹飾演）更宣佈在主導一項牽涉全亞洲的大型企劃案，而春田隸屬的天空不動產東京第二營業部，也將成為企劃的一部分；被調職到總部的牧，更赫然以「Genius7」組員身份出現其中…。隨著「總部」和「營業部」的隔閡日深，春田甚至發現狸穴與牧似乎有曖昧情愫，讓兩人的距離漸行漸遠。另一方面，面對營業部新進職員山田正義（志尊淳飾演）逐漸對春田產生如兄長般的愛慕之情，這場複雜的五角戀愛大亂鬥，即將再度展開…。


欲知本片最新消息，
請上電影官方部落格http://cciitw.pixnet.net
與臉書粉絲團https://www.facebook.com/ccasiaworld查詢。



--
※ 發信站: 批踢踢實業坊(ptt.cc), 來自: 59.120.41.231 (臺灣)
※ 文章網址: https://www.ptt.cc/bbs/movie/M.1566394357.A.7E5.html
"
stator (),movie,[請益] 請推薦間諜或臥底被祖國拋棄美片和韓片,Wed Aug 21 21:37:02 2019,13,"
很喜歡這類型的動作片電影
像是最近上映的全面攻占3
以前的鋼鐵墳墓1

最近看的韓國電影：
同窗生
很愛這樣的劇本


還請高手能多推薦類似電影 謝謝

港片也可 謝謝

--
※ 發信站: 批踢踢實業坊(ptt.cc), 來自: 111.82.92.128 (臺灣)
※ 文章網址: https://www.ptt.cc/bbs/movie/M.1566394624.A.37E.html
"
sd79307 (井),movie,[微好雷]  海賊劇場版-奪寶爭霸,Wed Aug 21 21:44:12 2019,11,"
防雷



















秉持著10幾年的海賊粉又一次的踏入電影院。

直接說結論，這部燃的地方可以很燃，但缺點也是顯而易見的

優點：

1.情懷作品：這部片是給海賊粉的大情懷作
            作品中出現的角色可能比過去劇場版加起來的還多
            角色也有表現出應有的個性，其中某人的橋段根本是複製____。
            ※我跟你的屬性是打不出結果的

2.動作場面極多：打鬥的戲超多，尤其是拳頭互碰
                某一段讓我差點想喊歐拉歐拉跟木大木大

3.劇情簡單易懂。

4.笑點處理得還不錯，女帝的手刀奔跑跟巴奇各種troll很經典

缺點：其實很多都是優點換另外一個角度看，就變成缺點了

1.角色太多：多到難以發揮，有前戲的後來就神隱。後面難得出來的撂2句話就換人
            有些角色的動機也很不明確，比方說沙鱷跟羅
            他們一開始是怎麼掌握情報的？

2.硬要對招：這點很像Gold電影版裡面，羅布路基在結尾應要跟薩波來幾下
            明明知道這兩人不會打出結果，還是要秀一下技能跟對打

3.某幾段畫面(人&場警)崩壞，甚至有點銜接不太起來。

4.首次在電影版裡面嘗試3D人偶畫面，個人認為沒這種必要

5.反派設計的太簡單，幾乎只剩下一隻反派，卻沒有什麼立體感
  卡普和戰國說明的那段也沒有幫他加太多分

  甚至我覺得強者天下、Z、GOLD的大反派立體的多
  更別提他們還有帶幾個有特色的部下
  我覺得這隻反派太像英雄學院電影版的，或者根本是金屬系的琵卡

6.太捧魯夫了，雖然從大監獄+頂上戰爭後
  作者給魯夫的設計就是在大海上連敵人都能招降的領導者
  可是這部作品過於刻意

7.劇場版時間線不知道是安排在正傳哪一段，感覺是蛋糕島前後
  因為娜美的招數有喊出宙斯雲，但怪僧卻還好端端的站著，就連尤斯塔基也沒斷手
  但整篇沒有甚平感覺很奇怪，不曉得有什麼不能讓他出來的理由。

最後我想說，這部電影的女性觀眾出乎我意料的多，也因為最後快結局的時候
薩波跟配角意外來了一個騷操作，讓整個電影院的人都發出驚呼聲
彩蛋完還聽到不少女生紅著眼眶擦眼淚
(可能是因為我完全不是那個角色的粉絲，所以感受不到)

還有哥爾羅杰在結束的那段話也滿耐人尋味的，難不成正傳以後要推翻設定了嗎...

--
※ 發信站: 批踢踢實業坊(ptt.cc), 來自: 59.115.104.92 (臺灣)
※ 文章網址: https://www.ptt.cc/bbs/movie/M.1566395054.A.C8B.html
原來如此  都忘記15e這件事情了...謝謝樓上補充
※ 編輯: sd79307 (59.115.104.92 臺灣), 08/21/2019 22:21:53
"
Fantasy7th (睡有出頭天),movie,Re: [討論] 索尼自己拍蜘蛛人肯定票房不會高,Wed Aug 21 21:44:52 2019,22,"
這可能對兩邊短期有傷，但長期而言索尼是好呀

以前蜘蛛人被割讓，索尼怎樣也曾經讓他有個榮景
後來漫威是崛起了，迪士尼提出一漫兩制
希望讓蜘蛛人成為一個漫威的一份子，索尼想像漫威夢，也答應了

但你看離家日，蜘蛛人的主體性都快沒了
到處都是鋼鐵人甚至復仇者聯盟的影子，
是的，也許短期衝高，但長期就可能過度依賴，
就像水電都靠漫威提供還沒有軍隊，迪士尼又養出護漫手，
遑論迪士尼根本就想改變掌控程度，摧毀原本一漫兩制的協定，
如果不趁現在趕快切割，避免整個變成MCU跟迪士尼主導的情況，
到時候更深入變成MCU附屬、復仇者小弟、重要配角都MCU客串，
到時候就算索尼要喊『反送迪』可能都來不及了......

--
※ 發信站: 批踢踢實業坊(ptt.cc), 來自: 115.43.43.127 (臺灣)
※ 文章網址: https://www.ptt.cc/bbs/movie/M.1566395094.A.33B.html
"
Sischill (Believe or not),movie,Re: [討論] 索尼自己拍蜘蛛人肯定票房不會高,Wed Aug 21 22:15:01 2019,6,"
※ 引述《jobechi ()》之銘言：
: 這裡好像真的一堆人自以為
: 現在所有英雄電影都是沾MCU的光
: 就拿蜘蛛人來說好了
: 先不論你個人覺得到底哪個版本最好
: 這本來就是個人喜好沒有標準答案
: 但就票房來說
: 2002蜘蛛人  8.2億
凱文費吉
: 2004蜘蛛人2  7.8億
凱文費吉
: 2007蜘蛛人3  8.9億
凱文費吉
: 2012蜘蛛人:驚奇再起  7.5億
凱文費吉
: 2014蜘蛛人:驚奇再起2  7.09億
非凱文費吉 票房7.09億不過宣傳費跟製作費比之前還高 然後被笑最爛的

不過還是月金廿難

: 2017蜘蛛人:返校日  8.8億
凱文費吉
: 2019蜘蛛人:離家日  11億(目前）
凱文費吉
: 那些說蜘蛛人是沾MCU光的人
: 如果真的是沾MCU的光請問返校日有鋼鐵人的加持怎麼也才8.8億
: 而首次破10億的離家日還是打著MCU第三階段真正結尾的招牌才能有這種成績
: 如果你是SONY把版權借給你迪士尼結果跟我自己拍票房差不多
: 雖然票房是SONY全拿但周邊收入都不能拿
: 然後現在迪士尼還打算來跟你分一杯羹
: 你的商業考量是自己來還是繼續跟迪士尼合作？
: 不用把漫威電影工作室想的多偉大
: 當年沒有MCU他們一樣可以拍出能看的電影
: 畢竟本身英雄知名度就已經夠了
: 不要拍的像重啟的驚奇4超人那麼爛基本上觀眾都會買單
: 然後總會有人說如果真的拆夥大家會抵制看蜘蛛人
: 漫威電影工作室自己說過
: 當年他們預算有限所以很多系列是找小咖便宜的演員來當主角
: 因為他們認為只要角色本身知名度夠誰來演都一樣
: 這句話套在製作電影的公司也是一樣
: 只要有公司能拍出能看(不用到好看)的英雄電影
: 誰會在意你是不是跟MCU有關聯性
: 所以我說不用把漫威電影工作室想的太偉大
: 蜘蛛人是IGN百大英雄排名的第三名漫威的第一名
: 你覺得SONY會很在意蜘蛛人有沒有出現在MCU裡面嗎？
: 只有我們觀眾在意而已
我也希望SONY自己搞, 幹嘛要跟漫威還有迪士尼要凱文費吉?

再重啟再個蜘蛛人:電光3部曲不是很好嘛?

反正再怎麼樣都不會賠, 爛蕃咖跟IMDB也中規中矩

怎麼看SONY自己搞都比較好不是嘛?

而且MCU沒了蜘蛛人跟本沒什麼, 覺得MCU沒蜘蛛人活不下去的,

連黑豹 驚奇隊長這種SJW片都賣10億以上了, 後面F4跟X-MEN大咖一堆, 有差蜘蛛人嘛?

蜘蛛人在MCU也不能跟venom連動, 換句話說就不可能有跟carnage互打的場

SONY拿去重做 蜘蛛人宇宙還能期待carnage大魔頭


至於MCU phase4後一堆戰力比天高的蜘蛛人來跟本沒屁用 加入也只是當龍套..


--
※ 發信站: 批踢踢實業坊(ptt.cc), 來自: 1.160.1.144 (臺灣)
※ 文章網址: https://www.ptt.cc/bbs/movie/M.1566396903.A.EF1.html
"
lovelove5566 (56精神),movie,[討論] 預測索尼收回蜘蛛人的玩法！,Wed Aug 21 22:17:47 2019,27,"
從陶比3和加菲2來看，
索尼總有一種難以戒掉的習性，
那就是「急著賺錢」、「急著端出所有菜」！

以前總有漫威管制，
凡事都要一步一步來，

但索尼還是忍不住規劃了 吸血鬼莫比亞斯、獵人克萊聞、黑貓與銀貂...這些543的電影
！

現在少了漫威這個剎車，
我們索尼總算能瘋狂加速了！

以下大膽預測索尼接下來的玩法！！

————————

索尼接手後的荷蘭第三集：

猛毒直接登場並且連結，
屠殺也登場，
邪惡六人組也登場，
關也登場，

關剛出會三角戀，但沒多久就會死，
結局是荷蘭跟MJ結婚。

然後索尼忍不住想趕快告訴大家，
還有個黑蜘蛛人！
所以邁爾斯也登場，

片尾1:
荷蘭領便當，邁爾斯當新蜘蛛人。

片尾2:
索尼忍不住想告訴大家還有黑貓與銀貂，
荷蘭死後，MJ意外發現荷蘭在外面偷吃黑貓，
然後預告黑貓與銀貂電影。

片尾3:
索尼覺得想說的東西太多了，
所以獨創第三個片尾預告，
梅嬸整理照片時，看到自己年輕照片，
索尼預告拍攝梅嬸前傳。


————————

索尼接手第四集
（索尼拼命拍攝，兩年內就上映了）

邁爾斯直接打蜘蛛人宇宙大戰，

但索尼忍不住想告訴大家，
彼得會有個女兒也能接班蜘蛛人，
所以邁爾斯這集就死了。

片尾1:
告訴大家還有更多的蜘蛛人要大戰。

片尾2:
索尼忍不住了，彼得女兒長大了。

片尾3:
索尼預告還要拍彼得爸媽前傳、班叔叔外傳、肥仔同學外傳、禿鷹傳

————————-

索尼接手第五集

沒有這一集！
因為前兩集爆了，蜘蛛人宇宙電影也都爆了，
索尼宣佈重啟，且不排除與漫威重啟談判。


中場花絮1:
導演表示索尼高層關切多次，壓力很大。

中場花絮2:
索尼表示他們想說的蜘蛛人故事太多了，
目標是一年3-4部蜘蛛人電影，
要給大家滿滿的蜘蛛人 ！


--
※ 發信站: 批踢踢實業坊(ptt.cc), 來自: 49.218.87.155 (臺灣)
※ 文章網址: https://www.ptt.cc/bbs/movie/M.1566397069.A.84C.html
※ 編輯: lovelove5566 (49.218.87.155 臺灣), 08/21/2019 22:25:35
※ 編輯: lovelove5566 (118.170.190.173 臺灣), 08/22/2019 01:53:26
"
Superman007 (),movie,Re: [討論] 索尼自己拍蜘蛛人肯定票房不會高,Wed Aug 21 22:27:05 2019,-1,"
真的天大的笑話

現在一堆人說蜘蛛人不靠漫威單索尼拍也夠賺

到底那裡來的邏輯？


蜘蛛人就是靠漫威啊

蜘蛛人是當年漫威漫畫創造的角色

沒有漫威

會有蜘蛛人？

蜘蛛人會紅？

蜘蛛人就是靠漫威

從根本就是

也就是因為這樣所以當初即使賣給索尼

索尼也能排出好成績

票房也是

這些都是靠漫威

靠漫威的蜘蛛人自己本身的火紅

所以蜘蛛人就是靠漫威

別再說什麼蜘蛛人不是靠漫威這種話

真的很好笑

--
※ 發信站: 批踢踢實業坊(ptt.cc), 來自: 223.137.132.155 (臺灣)
※ 文章網址: https://www.ptt.cc/bbs/movie/M.1566397627.A.959.html
"
leelee688 (雲寒陵),movie,[微雷] 全面攻佔3 ,Wed Aug 21 22:29:20 2019,6,"






去電影院刷完了這部，









——————————————以下防雷——————————————————


先簡單說一下感想。
故事線呈現下面這樣一個循環……


——恐攻→爆炸→恐攻→爆炸→爆炸


總之，
爆了又爆，爆了又爆，繼續爆。
喜歡第一部的步調，和第二部的爆破場面的人應該會喜歡第三部。


我是抱著爆米花電影的期待進場去看，
但是看到親情和信任的部份的時候，
依然有一種在那一瞬間被戳到的感覺。


整部電影的故事線很簡單，
有人想殺總統，我們得救總統。


但是在這樣子的套路中，還是有玩出新把戲。
這一次不只要救總統，
還需要拯救自己，全程節奏明快，基本沒有冷場。


Mike的內心世界，
以及他的黑暗面在這一部裡頭是我相當喜歡的橋段。


如果沒看過前面兩部，這部可以輕鬆當爽片看，
記得挑聲光效果好一點的大廳，這部很吃聲光效果。


看完以後覺得應該去IMAX看的……………………



———————————————以上防雷—————————————————















--
※ 發信站: 批踢踢實業坊(ptt.cc), 來自: 1.162.204.89 (臺灣)
※ 文章網址: https://www.ptt.cc/bbs/movie/M.1566397762.A.5E5.html
"
SakuraHana (櫻花),movie,Re: [討論] 局外人看索尼和迪士尼關於蜘蛛人的談判,Wed Aug 21 22:44:53 2019,-8,"
推測是漫威和荷蘭弟把蜘蛛人的名聲做起來，

索尼推斷漫威不會放棄這個人物，於是獅子大開口，

弄得漫威不爽，乾脆走人。

嘖嘖！貪得無厭的日本人…

--
※ 發信站: 批踢踢實業坊(ptt.cc), 來自: 118.168.36.242 (臺灣)
※ 文章網址: https://www.ptt.cc/bbs/movie/M.1566398696.A.222.html
"
Katarn ( ),movie,[片單] 花長時間鋪陳希望 最後卻沒實現的電影,Wed Aug 21 23:12:58 2019,18,"



1. 請簡述自身需求片單理由 或 欲尋找電影的類型或特徵（請盡量描述清楚）


   其實主要是去年看了復三後，一直覺得復三在索爾受創到拿到風暴破壞者

   花了相當多精心的鋪陳，暗示強調這武器的重要性和關鍵性，

   配樂激昂、自我開爐、格魯特斷手成柄，一堆畫面都很經典，

   以及復三最後從天而降帶來一線生機，也強到能拆運兵艦，但想不到卻是功敗垂成，


   然後到了復四大戰，三元老中又是表現最悽慘的，被海扁+武技表現輸美隊，

   牽制薩諾斯拿手套結果被頭槌擊倒，拿來對比驚隊挨頭槌沒事兒，雖然是變胖了沒錯，

   但是花那麼多時間鋪陳他和風暴破壞者，最後卻沒有驚艷的表現，就我的觀影經驗

   是相當罕見的，所以想問問有沒有同樣情節設計的片單可以看看，謝謝。



2. 已知符合需求的電影或偏好的電影類型（為避免重複推文，請至少列舉一部）

   就復三到復四

3. 不喜歡的電影類型            （不需要板友推薦的電影片名）

   目前都可以，情節設計相似即可。

--
※ 發信站: 批踢踢實業坊(ptt.cc), 來自: 122.116.224.15 (臺灣)
※ 文章網址: https://www.ptt.cc/bbs/movie/M.1566400380.A.5A5.html
"
tzujan (無),movie,Re: [討論] 索尼自己拍蜘蛛人肯定票房不會高,Wed Aug 21 23:19:58 2019,8,"
太棒了


索尼自己拍蜘蛛人絕對支持


現在的蜘蛛人看票房表現是不錯


但是和前幾版的蜘蛛人 內涵根本差了十萬八千里



以前蜘蛛人的心境轉折  描述的很好


還有反派也非常有特色


現在有啥，完全看不出來


有時候看真的就像小孩子看的電影讓我滿臉尷尬



反而蜘蛛人脫離威漫  可以讓蜘蛛人劇情更加純粹

-----
Sent from JPTT on my LGE LG-H870DS.

--
※ 發信站: 批踢踢實業坊(ptt.cc), 來自: 111.240.98.54 (臺灣)
※ 文章網址: https://www.ptt.cc/bbs/movie/M.1566400808.A.F4A.html
"
tl292399 (北極兔),movie,[請益] 全面攻佔3要先看過前兩集嗎？,Wed Aug 21 23:24:39 2019,19,"

我朋友約說要去看全面攻佔3，
但前兩集對我來說太久遠了
我對全面攻佔系列的概念就只有……

總統會一直被綁架，
有很多很多的爆炸場景，

這一集看了一下預告片，好像就是
主角被陷害，
他要想辦法扭轉局勢。

我自己對這種主角面對逆境的主題，
是還滿感興趣的，
尤其是哪種想盡辦法逃生，
或是想盡辦法洗刷自己冤屈，
這種硬漢在逆境中求生存的劇情和鏡頭，
一直都容易戳中我！！！


所以其實是滿想要今天衝一下搶首輪。
不過目前還在猶豫中……

保險起見上來問一下大家，
還沒有看過全面攻佔一和二的話，
那我適合進戲院看三嗎……？


也順便問一下，
看這一部需要先做怎樣的觀影準備呢？

--
※ 發信站: 批踢踢實業坊(ptt.cc), 來自: 101.12.245.44 (臺灣)
※ 文章網址: https://www.ptt.cc/bbs/movie/M.1566401081.A.DC9.html
※ 編輯: tl292399 (101.12.245.44 臺灣), 08/21/2019 23:25:42
"
ronray7799 (生而為人超爽der),movie,Re: [討論] 駭客任務4確定2020年開拍,Wed Aug 21 23:27:25 2019,7,"
※ 引述《tim200513 (瞧不起肥宅的胖子)》之銘言：
: 看到基努回歸固然開心
: 但說實在的我對這續集沒有一絲的期待更擔心一個經典會就此殞落
: 駭客任務系列目前來看已經夠完整夠好看了
: 雖然我覺得2.3集講的東西已經開始有點虛無縹緲了
: 但第一集真的是有內涵深度又有動作場面的經典
: 而這次續集雖然這世界觀很好掰
: 但導演從兄弟變兄妹再變姐妹
: 近期作品可說是每況愈下
: 都能稱為該年最差的那種了...
: 到了這集更只剩下姐姐一人來拍了
: 為了基努還是會進場看啦
: 只是實在不看好...
: -----
: Sent from JPTT on my iPhone

無聊間看到廢文那我也來回廢文

我這個人是支持好看的經典電影拍成系列作啦

拍得好就是延續經典

例如教父2足以比肩教父1

帝國大反擊足以比肩曙光乍現

衝鋒飛車隊足以比肩迷霧追魂手

以上三部續集甚至更可以說超越了首集


拍不好的話你可以選擇自動無視

例如星際大戰我只愛4-6

1-3就當作是GL圓夢的外傳性質

7跟8純粹只是米老鼠的智障同人作

我拒絕承認這是星際大戰


所以你當然也可以認為駭客任務只有1999這一集而已

重裝上陣跟最後戰役只是多餘的狗尾續貂

如今要拍駭客任務4 應該放開心胸的接受

拍得好就是經典延續 拍不好就自動無視

首集的經典地位不會因為系列作續集拍爛而有所動搖

實際上也有瘋狂麥斯這部間隔許久才拍的續集電影

創造出叫好叫座的成績


--
※ 發信站: 批踢踢實業坊(ptt.cc), 來自: 1.160.137.98 (臺灣)
※ 文章網址: https://www.ptt.cc/bbs/movie/M.1566401249.A.A62.html
※ 編輯: ronray7799 (1.160.137.98 臺灣), 08/21/2019 23:36:18
"
bestbamboo (小錦囊),movie,[情報] 8/21 當週10部新片預告+Youtube點閱排行,Wed Aug 21 23:28:16 2019,4,"


本週上映新片 10 部


Youtube點閱排行榜前五名
1.全面攻佔3：天使救援－8.5萬
2.航海王：奪寶爭霸戰－4.7萬
3.下半場－3.8萬
4.貞子：起源－3.2萬
5.殺手寓言－1.5萬

----------------------

動作犯罪
　
《全面攻佔3：天使救援》｜美｜120分｜海樂
https://youtu.be/UokmfCVxzLM

兄弟親情
　
《光》｜馬來西亞｜88分｜滿滿額
https://youtu.be/Gw2p-WLPc6s


《下半場》｜台灣｜117分｜華納
https://youtu.be/SKDUR7vV94U

動畫漫畫
　
《航海王：奪寶爭霸戰》｜日｜101分｜?喜
https://youtu.be/5muHxNFipo0

動作喜劇
　
《殺手寓言》｜日｜124分｜采昌
https://youtu.be/eQZ0u4yed7Y

驚悚懸疑
　
《貞子：起源》｜日｜99分｜車庫
https://youtu.be/i-rJ6i16Sx8


《地獄家政婦》｜美｜90分｜暗光鳥
https://youtu.be/U_m0LmIOSSU


《深夜加油站遇見抓狂衰事》｜美｜88分｜本萃
https://youtu.be/QM0w2iXn5jg

複雜情感
　
《再見了，唇》｜日｜116分｜天馬
https://youtu.be/oZkMIXUIZYE

佈局改編
　
《偵兇》｜義大利｜102分｜海鵬
https://youtu.be/Np-axJOrscc

----------------------

這週有兩部兄弟情的電影都滿好看的，歡迎進戲院支持喔！

以上資料以官方頻道為主，其他影視頻道為輔，提供點閱數做為電影未上映前的參考。

----------------

電影說書人的電影開箱文  http://movie.pse.is/FTZPV

--
※ 發信站: 批踢踢實業坊(ptt.cc), 來自: 114.42.39.205 (臺灣)
※ 文章網址: https://www.ptt.cc/bbs/movie/M.1566401298.A.F8D.html
"
Gotham (萬惡之城),movie,[新聞] 007情報員有多忙 新片片名露端倪,Wed Aug 21 23:59:15 2019,10,"
007情報員有多忙 新片片名露端倪


（中央社倫敦20日綜合外電報導）預計明年4月上映的007系列最新鉅製，片商今天公布片
名為No Time To Die，劇中男主角詹姆斯龐德將由英國性格男星丹尼爾克雷格擔綱，這也
是他最後一次飾演龐德。

根據官方版劇情介紹，No Time To Die是第25部007情報員系列電影，這部承襲以往007系
列的冒險犯難風格動作片，描述退役的龐德因劇中好友美國中情局探員費利克斯雷特（
Felix Leiter）力邀而重出江湖，涉險救援被綁架的科學家。

全片目前仍在拍攝中，但是過程卻波折不斷，英國松木片廠（Pinewood Studios）6月發
生爆炸波及一處場景，以致攝影棚毀損及一人受輕傷。

英國「太陽報」（The Sun）報導，因特效出錯而發生這起3連爆的爆炸後，掀翻攝影棚的
屋頂與多處牆面。

第5度主演龐德的英國男星丹尼爾克雷格（Daniel Craig）先前在牙買加拍片受傷腳踝動
手術。

奧斯卡影帝雷米馬利克（Rami Malek）在這部龐德迷引頸期盼的新片飾演反派角色。No
Time To Die可說是丹尼爾克雷格飾演007長達8年的封箱之作。

英國男星雷夫范恩斯（Ralph Fiennes）將再度跨刀飾演令龐德頭痛的上司，還有法國女
星蕾雅瑟度（Lea Seydoux）也來助陣，卡司陣容堅強。

應丹尼爾克雷格的要求，為No Time To Die注入更多有看頭及增色的幽默詼諧元素，製作
團隊延攬曾因電視劇「倫敦生活」（Fleabag）獲艾美獎提名的編劇華勒-布瑞吉（
Phoebe Waller-Bridge）。

由於劇本的爭議難擺平，以及奧斯卡金獎導演丹尼鮑伊（Danny Boyle）辭退改由「無境
之獸」（Beasts of No Nation）的導演凱瑞福永（Cary Fukunaga）接手，以致全片的籌
拍一再延宕。

No Time To Die預計明年4月3日在英國首映，5天後在美國上映。

（譯者：曹宇帆/核稿：陳昱婷）1080821


新聞網址：
https://www.cna.com.tw/news/amov/201908210271.aspx


--
※ 發信站: 批踢踢實業坊(ptt.cc), 來自: 101.136.144.33 (臺灣)
※ 文章網址: https://www.ptt.cc/bbs/movie/M.1566403158.A.820.html
"
HeyGod (嘿尬),movie,[討論] 對於復4裡的鋼鐵人的疑問,Thu Aug 22 00:08:51 2019,14,"
還是簡單防個雷好了















就是Tony回到1970年時，聽到他爸爸說老婆正懷孕為什麼那麼驚訝？難道他不知道自己
的生日嗎？

這邊顯示Tony Stark的生日為1970.05.29
https://i.imgur.com/mMcmDVk.jpg

從他回去的時間點1970.04.07來看他媽那時都快生了咧

不知大家有什麼看法咧？

如果有討論過先說抱歉，畢竟沒辦法每篇討論文都看過


--
※ 發信站: 批踢踢實業坊(ptt.cc), 來自: 114.39.27.92 (臺灣)
※ 文章網址: https://www.ptt.cc/bbs/movie/M.1566403734.A.6E2.html
"
walkingdead (竹科柯文哲),movie,[討論] 沒了鋼鐵人的漫威？！,Thu Aug 22 01:28:04 2019,-1,"

大家好 打給賀

想請問一下各位版友

自從復仇者聯盟 終局之戰

最後鋼鐵人死了之後

我看漫威的電影就都提不起勁

感覺漫威的電影少了什麼一樣卻也說不出來

有人跟我一樣的感覺嗎？

But why？ 為什麼我會有這種情況呢？

https://i.imgur.com/KqBVxG3.jpg
-----
Sent from JPTT on my iPhone

--
※ 發信站: 批踢踢實業坊(ptt.cc), 來自: 111.83.102.121 (臺灣)
※ 文章網址: https://www.ptt.cc/bbs/movie/M.1566408486.A.B34.html
閣下可以發篇不廢的文章來看看嗎？
就知道鋼鐵人死了之後再回頭看到其他作品在電影台播出時，會轉掉不會想看啊
※ 編輯: walkingdead (111.83.102.121 臺灣), 08/22/2019 01:42:24
※ 編輯: walkingdead (111.83.102.121 臺灣), 08/22/2019 01:43:20
※ 編輯: walkingdead (111.83.102.121 臺灣), 08/22/2019 01:47:01
"
jobechi (),movie,Re: [討論] 索尼自己拍蜘蛛人肯定票房不會高,Wed Aug 21 17:54:07 2019,73,"
這裡好像真的一堆人自以為

現在所有英雄電影都是沾MCU的光

就拿蜘蛛人來說好了

先不論你個人覺得到底哪個版本最好

這本來就是個人喜好沒有標準答案

但就票房來說

2002蜘蛛人  8.2億
2004蜘蛛人2  7.8億
2007蜘蛛人3  8.9億


2012蜘蛛人:驚奇再起  7.5億
2014蜘蛛人:驚奇再起2  7.09億


2017蜘蛛人:返校日  8.8億
2019蜘蛛人:離家日  11億(目前）

那些說蜘蛛人是沾MCU光的人

如果真的是沾MCU的光請問返校日有鋼鐵人的加持怎麼也才8.8億

而首次破10億的離家日還是打著MCU第三階段真正結尾的招牌才能有這種成績

如果你是SONY把版權借給你迪士尼結果跟我自己拍票房差不多

雖然票房是SONY全拿但周邊收入都不能拿

然後現在迪士尼還打算來跟你分一杯羹

你的商業考量是自己來還是繼續跟迪士尼合作？

不用把漫威電影工作室想的多偉大

當年沒有MCU他們一樣可以拍出能看的電影

畢竟本身英雄知名度就已經夠了

不要拍的像重啟的驚奇4超人那麼爛基本上觀眾都會買單

然後總會有人說如果真的拆夥大家會抵制看蜘蛛人

漫威電影工作室自己說過

當年他們預算有限所以很多系列是找小咖便宜的演員來當主角

因為他們認為只要角色本身知名度夠誰來演都一樣

這句話套在製作電影的公司也是一樣

只要有公司能拍出能看(不用到好看)的英雄電影

誰會在意你是不是跟MCU有關聯性

所以我說不用把漫威電影工作室想的太偉大

蜘蛛人是IGN百大英雄排名的第三名漫威的第一名

你覺得SONY會很在意蜘蛛人有沒有出現在MCU裡面嗎？

只有我們觀眾在意而已

--
※ 發信站: 批踢踢實業坊(ptt.cc), 來自: 101.13.241.26 (臺灣)
※ 文章網址: https://www.ptt.cc/bbs/movie/M.1566381249.A.43C.html
"
dameontree (花開花落自有時),movie,[討論] 只有我覺得漫威完蛋了嗎？,Wed Aug 21 18:29:05 2019,-22,"

如提

迪士尼與SONY談判破局

怎麼這邊一面倒認為是索尼吃虧 是索尼不知好歹不接受迪士尼條件

好像索尼罪大惡極一定會走下坡一樣


正好相反好嗎？

當初沒有陶比蜘蛛人   英雄電影這個類型片還不知根本能不能崛起勒

漫威二十幾部 都是為蜘蛛人鋪陳的好不好

都是觀眾在期待未來有一天漫威頭號招牌蜘蛛人的加入才看的

沒有蜘蛛人  誰理你那些雜魚英雄

跟蜘蛛人比 什麼黑豹驚奇隊長啥的都是雜魚


我敢說如果確定漫威宇宙未來沒有蜘蛛人

剩下那些跑龍套的英雄電影

漫威電影只會走下坡


我支持SONY 抵制萬惡老鼠帝國


--
一樓老婆  https://imgur.com/Br670mI
三樓老婆  https://imgur.com/qON0jcS
五樓老婆  https://imgur.com/4TvzKQu
七樓老婆  https://imgur.com/g79c8GU

--
※ 發信站: 批踢踢實業坊(ptt.cc), 來自: 118.166.77.156 (臺灣)
※ 文章網址: https://www.ptt.cc/bbs/movie/M.1566383348.A.B53.html
"
shamanlin (佐藤必須死),movie,Re: [閒聊] 關於押井守,Wed Aug 21 18:47:45 2019,8,"
※ 引述《fightclubgf (streetfighter!!!!)》之銘言：
: : 大洗才一夕之間鹹魚翻身，要不然他們可能會被押井守害一輩子:)

我第一次看到有人跟我有類似想法

: 那個機動警察真人版 應該算是重開機或平行世界之類的
: 不能算竄改吧

不算竄改，算是毀滅吧

裡面各種劇情腦洞就不說了，可能電波沒到

但真人版直接把機動警察的根基也就是Patlabor的存在意義直接毀掉是三小？

: 當初只看了一集感覺不太好看，
: 後來也忘了有這件事，就沒再看了
: 剛看了討論，才想起來還有這件事...
: 我覺得押井守不太擅長拍真人版的電影
: 不只是他，一些動畫導演拍真人電影畫面都怪怪的
: 分鏡和動作都有點問題，
: 像庵野秀明也拍過好幾部真人電影，也有一樣的問題
: 有些動作和分鏡像違反物理、方向不連貫...，在動畫上可能成立，
: 但套在真人就是怪
: 還有押井守應該也比較不擅長自己創作角色，
: 所以常拿別的作品的角色或設定講自己的故事
不只是真人，動畫也都是同樣的問題

如你說的押井守愛用別人的作品來講自己要說的故事

其結果就是作品本身主題、角色的個性特色全部都會被消滅

再怎麼開朗或幽默的角色都會變得死氣沉沉不知道家裡死多少人

變成單純用來講他故事的棋子


這件事不是一開始就發生，譬如機動警察電影版第一集就還好

但是拿第二集跟第一集去比較就會發現明顯的差異


其實攻殼機動隊也是同樣的問題，電影版就是那種死魚臉

每個角色的特色都先砍掉一半以上，反正都是那樣都差不多

這也是為什麼我給神山版評價遠高於押井守版的原因

因為神山版的角色是活的

: 也有可能是因為他講的故事都比較不討喜的
: 如果全部自己創作 會沒有人買單
: 但如果是拿其他作品來改的話，有基本的觀眾群，風險會小很多
所以我覺得他的評價會是兩極化

不喜歡他風格的，就覺得他亂改作品狂掉書袋自以為高深想買風評

喜歡他風格的，就覺得各種高深意境好棒棒，討厭的人看不懂

就類似好萊塢跟藝術電影的差別

: 他執導福星小子TV時就常常這樣玩了
: 雖然是很多惡搞，不過我還蠻喜歡的
: 他拍的福星小子電影版第二集是系列評價最高
: 不過因為大改原作，讓高橋留美子很不滿，
: 可能是這樣，後來的幾部劇場版導演都不是他了
: 茨城縣大洗是那一部，完全沒印象
: 我猜應該是早期的作品吧
: 動畫的事應該沒有幾個人信以為真吧
: 而且他的作品都是架空或近未來的
: 就算有描寫到某地方與事實不符
: 也不應該有這個影響力 造就這個偏見吧

--
※ 發信站: 批踢踢實業坊(ptt.cc), 來自: 61.228.9.124 (臺灣)
※ 文章網址: https://www.ptt.cc/bbs/movie/M.1566384468.A.D5E.html
"
hahaha0204 (哈哈哈),movie,[新聞] 蜘蛛人與死侍合體希望破滅！萊恩雷諾斯正,Wed Aug 21 19:36:19 2019,8,"
蜘蛛人與死侍合體希望破滅！萊恩雷諾斯正面回應「賤蟲 CP 再度被拆散」消息！

23 歲的英國男演員湯姆荷蘭（Tom Holland）在索尼與漫威決定攜手合作重啟《蜘蛛人》
系列電影後，從 2016 年《美國隊長 3：英雄內戰》（Captain America: Civil War）開
始正式扮演新一代蜘蛛人，擁有稚嫩臉蛋的湯姆荷蘭馬上就演出了與索尼前兩代陶比麥奎
爾（Tobey Maguire）、安德魯加菲爾德（Andrew Garfield）不同的青春氣息。
不過對於漫威漫畫粉絲來說《蜘蛛人》真人電影一直都存在著一大遺憾，那就是「賤蟲遲
遲未能合體」！

在漫威漫畫當中，同樣穿著紅色超級英雄戰袍的蜘蛛人與死侍一向是「歡喜冤家」，大量
漫威迷都非常喜歡看「賤蟲」互相嘴砲的橋段，因此也不斷期待著蜘蛛人與死侍能夠在真
人超級英雄電影中合體，這也是為什麼之前萊恩雷諾斯（Ryan Reynolds）曾於金球獎頒
獎典禮當眾親吻這位蜘蛛人演員時，火速就引起了大量網友激動不已的反應。

就在今年迪士尼完成收購二十世紀福斯之後，死侍的角色電影版權終於隨著 X 戰警一起
回到了漫威本家，讓蜘蛛人與死侍合體產生了曙光！但沒想到就在今天「索尼與漫威談判
破裂，湯姆荷蘭《蜘蛛人》電影未來要退出 MCU！」勁爆消息公開之後，索尼計畫將全數
收回蜘蛛人電影版權自行拍攝，讓許多網友心碎「賤蟲 CP 再度被拆散」！

索尼和漫威分手這個好萊塢驚天消息，也震撼了「死侍」演員本人萊恩雷諾斯。當擔憂的
漫威粉絲跑去推特詢問：「現在我們還有機會看見蜘蛛人與死侍合體的電影嗎？」沒想到
這位網友的提問獲得了萊恩雷諾斯親自回應：「你會看到（賤蟲電影），但你只能在我的
心裡看到。」透露出連萊恩雷諾斯本尊都為《蜘蛛人》電影系列離開 MCU 的消息感慨不
已。

https://static.juksy.com/files/articles/93738/5d5cbbeecd4e5.jpg

沒想到現在就連「鷹眼」傑瑞米雷納（Jeremy Renner）也跳出來說話了！身為漫威宇宙
一員的他在推特上公開喊話索尼影業：「嘿索尼，我們想要讓蜘蛛人回到史丹李和漫威家
庭中，拜託了，謝謝你。」

https://static.juksy.com/files/articles/93738/5d5cbbee603e7.jpg

另一方面有趣的是，就在今年 5 月底《蜘蛛人：離家日》上映前夕，漫威工作室官方帳
號詢問大家：「蜘蛛人返校日、蜘蛛人離家日，大家對下一部角色電影的片名有任何點子
嗎？」當時湯姆荷蘭的本尊帳號居然來幽默回應：「下部是《蜘蛛人：無家可歸》」沒想
到在 3 個月後湯姆荷蘭竟變成了先知！如果還想要回味荷蘭弟在 MCU 的最後時光，別忘
了「《蜘蛛人：離家日》也官方宣佈要重新上映」，看來這部電影很有可能是大家回味彼
得帕克與鋼鐵人溫馨「父子情」的最後時光了，一旦索尼收回版權，電影中就不會再出現
任何 MCU 角色。

https://static.juksy.com/files/articles/93738/5d5cc0486bbb5.jpg

https://www.juksy.com/archives/93738

--
※ 發信站: 批踢踢實業坊(ptt.cc), 來自: 118.165.225.112 (臺灣)
※ 文章網址: https://www.ptt.cc/bbs/movie/M.1566387383.A.9B4.html
"
hahaha0204 (哈哈哈),movie,[新聞] 《牠 第二章》首波媒體評價出爐,Wed Aug 21 19:41:13 2019,31,"
《牠 第二章》首波媒體評價出爐

改編自史蒂芬金（Stephen King）同名著作的電影續作《牠 第二章》（It: Chapter）即
將在下個月初上映，日前國外率先釋出了首波媒體評價，成人版的魯蛇俱樂部比起少年版
或許略遜一籌，但有不少人提到比爾海德（Bill Hader）的表現是一大亮點，而將近三個
小時的片長雖然看來有點令人擔心，但整體來說還算是正面評價。

Collider 編輯海莉法屈（Haleigh Foutch）：《牠 第二章》是成功且具有野心的，雖然
並不是完全能夠承擔期待的重量，但仍然是一部真誠的恐怖片，而這部分也表現得很好，
比爾海德也成為了我們所希望的偷走每一幕的亮點。

Cinema Blend 總經理尚恩歐康納（Sean O'Connell）：《牠 第二章》是很好，但還不到
很棒；我很喜歡，但還不到熱愛。第一集立下了難以衡量的標準，而第二集則是陰森、奇
怪但極度可怕。點出了書中很重要的觀點，但感覺有點過長。不過卡司還是很棒，比爾海
德應該要得到奧斯卡的討論。

slashfilm 電影評論克里斯伊凡傑利斯塔（Chris Evangelista）：《牠 第二章》的第一
幕有些倉促、粗略，成人版的魯蛇俱樂部也少了一點什麼，但這部電影最終仍有找到自己
的立足點。這是一部成功的電影，一部不畏懼打破恐怖大片規矩做出一些詭異選擇的電影
。比爾海德搶走了所有風采。

Uproxx 資深娛樂作者麥可萊恩（Mike Ryan）：以多數情況來說我是喜歡《牠 第二章》
的，（在這超級長的電影）前半段很棒，新的成人版卡司很優秀，但後半段就不是那麼緊
湊，整體來說，這一集沒有上一集來的牢固。

Fandango 總編輯埃瑞克戴維斯（Erik Davis）：《牠 第二章》與《牠》是非常好的兩部
曲電影，有著類似的氛圍、絕佳的團隊默契，以及幽默與恐怖的美妙結合。《牠 第二章
》的步調更加沈重，像是處理童年創傷所造成的負擔，在最後我肯定有落下幾滴淚。比爾
海德搶走了所有目光。

Joblo 主編保羅謝瑞（Paul Shirey）：真的很喜歡《牠 第二章》，跟《牠》簡直是完美
拍檔。在少年與成人卡司之間有些令人震驚、恐怖的事情。比爾海德肯定奪走了整部電影
的目光，平衡了真摯的情感與大量的突發驚嚇。

The Mary Sue 助理編輯凱特蓋德納（Kate Gardner）：《牠 第二張》在友情與創傷上有
很棒的見解，讓我無法停止思考。比爾海德與詹姆斯蘭森（James Ransone）絕對是全場
亮點，我等不及要再看一遍了。

https://www.hypesphere.com/news/16987

--
※ 發信站: 批踢踢實業坊(ptt.cc), 來自: 118.165.225.112 (臺灣)
※ 文章網址: https://www.ptt.cc/bbs/movie/M.1566387676.A.D60.html
"
jeanvanjohn (尚市長),movie,Re: [新聞] 《牠 第二章》首波媒體評價出爐,Wed Aug 21 19:57:54 2019,1,"

借標題問一個問題:

導演計畫中的下一部片""進擊的巨人""有消息了嗎?

自從他說接下這部片的導演筒之後，到現在一直沒聽說有什麼進度，
有新的情報了嗎?

--
※ 發信站: 批踢踢實業坊(ptt.cc), 來自: 58.114.214.43 (臺灣)
※ 文章網址: https://www.ptt.cc/bbs/movie/M.1566388676.A.1F8.html

那進擊又要延後嗎?
※ 編輯: jeanvanjohn (58.114.214.43 臺灣), 08/21/2019 22:21:19
"
WARgame723 (ss),movie,[討論] 薩諾斯靠美軍就能打贏了,Wed Aug 21 20:05:18 2019,0,"
復4的最終戰一堆英雄像免洗小兵一樣在那邊衝，看了覺得很好笑，現代戰爭都在用飛彈了
就你們拿冷兵器在那邊打

復仇4的薩諾斯還有他們的軍隊，靠美軍就能打贏了，戰機導彈射一射，玩死那些外星兵種

--
※ 發信站: 批踢踢實業坊(ptt.cc), 來自: 111.82.105.13 (臺灣)
※ 文章網址: https://www.ptt.cc/bbs/movie/M.1566389120.A.398.html
"
BleedWang (),movie,Re: [新聞] 蜘蛛人與死侍合體希望破滅！萊恩雷諾斯正,Wed Aug 21 20:13:54 2019,1,"
一般這種兩家公司的商業衝突

演員會儘量避免評論 避免得罪人

這一次死侍跟鷹眼這麼勇於表態

感覺兩邊演戲成份越來越大

目的是幫8/29號重新上映的離家日造勢

我估計大概九月就會有好結果了

-----
Sent from JPTT on my OPPO CPH1707.

--
※ 發信站: 批踢踢實業坊(ptt.cc), 來自: 110.50.139.61 (臺灣)
※ 文章網址: https://www.ptt.cc/bbs/movie/M.1566389636.A.1F3.html
"
neo5277 (I am an agent of chaos),movie,Re: [討論] 索尼自己拍蜘蛛人肯定票房不會高,Wed Aug 21 20:17:37 2019,0,"
※ 引述《jobechi ()》之銘言：
: 這裡好像真的一堆人自以為
: 現在所有英雄電影都是沾MCU的光
: 就拿蜘蛛人來說好了
: 先不論你個人覺得到底哪個版本最好
: 這本來就是個人喜好沒有標準答案
: 但就票房來說
: 2002蜘蛛人  8.2億
: 2004蜘蛛人2  7.8億
: 2007蜘蛛人3  8.9億
: 2012蜘蛛人:驚奇再起  7.5億
: 2014蜘蛛人:驚奇再起2  7.09億
: 2017蜘蛛人:返校日  8.8億
: 2019蜘蛛人:離家日  11億(目前）
: 那些說蜘蛛人是沾MCU光的人
: 如果真的是沾MCU的光請問返校日有鋼鐵人的加持怎麼也才8.8億
: 而首次破10億的離家日還是打著MCU第三階段真正結尾的招牌才能有這種成績
: 如果你是SONY把版權借給你迪士尼結果跟我自己拍票房差不多
: 雖然票房是SONY全拿但周邊收入都不能拿
: 然後現在迪士尼還打算來跟你分一杯羹
———————————

索尼一定是仗著自己有版權

想要把走向導去 動畫的蜘蛛人平行宇宙

然後讓邁爾斯出場，應該又會一堆PC

用索尼最會的掏出一堆錢跟動畫

弄出一堆角色大堆頭，配上猛毒這樣


徹底再把蜘蛛人這塊招牌搞砸一次


或是先走前兩年ps蜘蛛人遊戲的劇情

但是沒有跟MCU互動，現在觀眾胃口都養大了，你只有單獨蜘蛛人宇宙根本搔不到癢處，M
CU架構這麼成功就不用再搞一國兩制了，SONY自己要想清楚新蜘蛛人沒有漫威的人去弄看
看之前第三集，跟驚奇的兩集，對了是沒賠，但是你看看之後會不會中啊。

最後還是要來一句請皇上下令拘捕索尼

fuck you sony

--
※ 發信站: 批踢踢實業坊(ptt.cc), 來自: 122.121.64.225 (臺灣)

--
※ 發信站: 批踢踢實業坊(ptt.cc), 來自: 223.139.115.205 (臺灣)
※ 文章網址: https://www.ptt.cc/bbs/movie/M.1566389859.A.575.html
"
kyouya (約克郡的小羊),movie,[討論] 荷蘭蜘蛛的未來？,Wed Aug 21 20:31:53 2019,11,"

今天迪士尼和索尼的談判破局

小蜘蛛要脫離mcu 了

這不是只代表小蜘蛛第三集不會有mcu的角色亂入嗎？

荷蘭應該還會繼續演吧？

怎麼有人說要重開機？

我理解有誤嗎？？？？
-----
Sent from JPTT on my iPhone

--
※ 發信站: 批踢踢實業坊(ptt.cc), 來自: 39.13.39.41 (臺灣)
※ 文章網址: https://www.ptt.cc/bbs/movie/M.1566390716.A.1DB.html
"
china2025 (),movie,[爛雷] 復仇者聯盟4   End Game ,Wed Aug 21 20:36:45 2019,-6,"












雷文防雷資訊頁














~*-*~*-*~*-*~*-*~*-*~*-*~*-*~*-*~*-*~*-*~*-*~*-*~



~~~~~~~~~~~~~~~~~~~ 雷文 主文分隔線 ~~~~~~~~~~~~~~~~~~~~~~~~~~~~~~~~~


   復仇者在英文裡都是hero這個單字吧
   但是這群hero做出來的行為卻像是暴徒

   薩諾斯好歹是因為有理想而殺了一半人類
   之後復仇者也看到了薩諾斯落魄的處境
   他可憐的萎縮在一個長著作物與夕陽的星球
   而萬萬沒想到復仇者這一群人竟然仗著人多勢眾打落水狗!!!

   看到薩諾斯已經身為一個歸隱山林的農夫(可能還三餐不繼)
   復仇者甚至沒有打算跟薩諾斯一對一
   像是維持英雄風範或者是敬重薩諾斯這個對手一樣

   仗著肌肉發達而薩諾斯有點半殘
   復仇者一擁而上
   像是數十個流氓群起毆打一個可憐的老人(這老人就是薩諾斯)

   美國隊長不是心地最善良最守法最公正有頭腦嗎
   像是薩諾斯這般人物
   應該把他拘捕並且交由地球人法庭審判
   畢竟我們不是對付一個小癟三
   而是一個人類史上的超重刑犯(殺了一半人類)
   應該由法律定罪以及向全人類宣布薩諾斯的罪刑
   宣判薩諾斯無限個無期徒刑
   讓全人類得到慰藉安心與彌補

   沒想到
   因為第三集被打成廢鐵的復仇者
   早已經喪失hero風範
   人類死活並不重要
   重要的是復仇者要報""私仇""

   ""私仇"" 沒錯 就是私仇

   一夥人找到了薩諾斯(其實這時候薩諾斯已經風中殘燭了)
   也不必向人類宣布
   也不必逮捕
   一出手就砍下薩諾斯的一隻手

   砍下手後發現手套已廢
   而薩諾斯重傷無力的癱軟在地

   馬的 雷神?

   他還好意思自稱為神嗎
   趁薩諾斯重傷彌留之際
   正在跟他(薩諾斯)所愛的""女兒""對話時

   雷神燃起的憤怒
   而這""憤怒""究竟是甚麼?
   是偉大的愛人類之愛嗎
   是有極深重的偉大情感嗎

   都不是
   其實只是雷神被薩諾斯打敗
   這個肌肉棒子(雷神)的自尊心受損
   巴不得以暴制暴

   終於
   給雷神逮到機會
   一刀砍下薩諾斯的頭
   劇組還加了雷神一句台詞
   ""這次我砍..."" (抱歉 實在太爛 我跳著看 沒記)
   劇組自以為幽默 我根本笑不出來

   其實
   應該還有許多話復仇者們沒跟薩諾斯說完
   包括他殺人的動機等等
   薩諾斯應該被逮並送回地球面對全人類

             薩諾斯必須交代他的罪刑
             而不是被為復仇而復仇的復仇者""虐殺""

   結果
   在一個狹小骯髒的房間
   復仇者集體痛宰了薩諾斯這個已經半殘的人
   這樣也叫做superhero噢
   然後 許多失去親人的地球人家庭沒半個人知道

   就是一群肌肉棒子被打敗後報私仇
   虐殺薩諾斯的爛故事

   難道復仇者看不出來薩諾斯已經不行了嗎
   雷神那一擊有石破天驚嗎?
   雷神那一擊有很偉大代表甚麼嗎

   (搖頭)只是報私仇罷了
   爛片

   ~~~~~~~~~~~~~~~~~~~~~~~~~~~~~~~~~~~~~~~~~~~~~~~
   世紀爛片

   要不是復三埋了問號
   讓人想知道薩諾斯的未來故事
   我根本不想看第四集

   ~~~~~~~~~~~~~~~~~~~~~~~~~~~~~~~~~~~~~~~~~~~~~~~
   看完薩諾斯被殺 後面就跳著看

   這種漫畫電影
   果然跟大文豪的作品(例如世界名著)差很多
   漫畫是心智未成熟的十七八歲看的
   而世界名著電影
   則是處事圓融成熟的四十歲成年人看的


--
※ 發信站: 批踢踢實業坊(ptt.cc), 來自: 118.160.85.91 (臺灣)
※ 文章網址: https://www.ptt.cc/bbs/movie/M.1566391007.A.70E.html
"
tinatinajj (),movie,[片單] 「薩滿文化/身心精神醫學相關的電影」,Wed Aug 21 20:38:06 2019,6,"


最近對薩滿文化很好奇，想找一些關於薩滿文化的電影來看。據我微薄的了解，薩滿除了
與人類學領域相關之外，其實也和所謂的精神醫學領域相關。因此，想在電影版上詢問看
看，有哪些電影是和薩滿文化相關的呢？


若有稍微提到一點點（或引發聯想及延伸），不算電影主要內容的也可以，例如，《青春
倒退嚕》，裡面其實就有提到一些些，只不過，劇中男女主角前往的靈修場合，靈修帶領
者，我感覺上是有點詐騙的意謂！


目前主要已知大約類型有：

《最後的薩滿》、《盲國薩滿》、
《前任薩滿》、《哭聲》、《阿凡達》


期盼大家的推薦，感恩！謝謝！
（手機排版）


--
posted from bbs reader hybrid on my InFocus IF9002

--
※ 發信站: 批踢踢實業坊(ptt.cc), 來自: 101.137.13.234 (臺灣)
※ 文章網址: https://www.ptt.cc/bbs/movie/M.1566391088.A.EAA.html
"
ayami0219 (彩實),movie,[贈票] 明晚”我家有個開心農場”特映,Wed Aug 21 20:50:46 2019,0,"
多一張要讓出～
晚上九點開演 在西門町真善美。
開演前面交意者請先站內信

--
※ 發信站: 批踢踢實業坊(ptt.cc), 來自: 39.12.34.169 (臺灣)
※ 文章網址: https://www.ptt.cc/bbs/movie/M.1566391848.A.8A6.html
※ 編輯: ayami0219 (39.12.34.169 臺灣), 08/21/2019 22:56:36
"
ericisfish (台中李宗瑞),movie,[討論] 長輩常常拿倩女幽魂跟第六感生死戀比較?,Wed Aug 21 20:56:24 2019,2,"
如題

之前在外面聽到一首歌

長輩就說這是第六感生死戀的歌


談著談著他們就把倩女幽魂拿出來比較

而且很奇怪

一致認為倩女幽魂略勝


當時我覺得很奇怪

覺得美國經典電影怎可能會輸

去把兩部都拿來看


自己覺得第六感生死戀質感比較好啦

而且內容也不太一樣

那鄉民覺得哪部比較好看呢?

--
※ 發信站: 批踢踢實業坊(ptt.cc), 來自: 36.239.68.126 (臺灣)
※ 文章網址: https://www.ptt.cc/bbs/movie/M.1566392187.A.3F2.html
※ 編輯: ericisfish (36.239.68.126 臺灣), 08/21/2019 20:57:49
我也這樣覺得
※ 編輯: ericisfish (36.239.68.126 臺灣), 08/21/2019 21:05:01
"
k91011022 (徬徨),movie,[問片] 天使救援 值得花錢看嗎?,Wed Aug 21 20:58:14 2019,9,"

聽同事問說 今晚要不要看


但我看那預告片很無感, 文章也不多


跟玩命關頭比起來, 假設玩命關頭是85分,這片大概幾分?



--
※ 發信站: 批踢踢實業坊(ptt.cc), 來自: 123.192.95.115 (臺灣)
※ 文章網址: https://www.ptt.cc/bbs/movie/M.1566392297.A.374.html
"
witchgaze (瞪巫),movie,Fw: [情報] 嘉義承億小鎮免費電影放映（諸羅夏日電影座）,Wed Aug 21 21:08:23 2019,0,"
※ [本文轉錄自 Chiayi 看板 #1TNJ--tA ]

作者: witchgaze (瞪巫) 看板: Chiayi
標題: [情報] 承億小鎮免費電影放映（諸羅夏日電影座）
時間: Wed Aug 21 20:57:32 2019

 綠 豆 鄉 民 情 報 局   搶 鮮！

活動名稱：2019諸羅夏日電影座

地址：承億小鎮慢讀 600嘉義市東區中山路203號

電話：05 224 6000

優惠內容：免費電影放映及映後講座，亦有提供免費茶水點心。

優惠期限：8/24（六） 8/25（日）



活動就在這禮拜周末了，雖然天氣狀況現在看來不理想。
但還是歡迎大家（如果）放颱風假的話可以來承億小鎮看看電影、喝喝飲料、躲躲大雨~


FB：2019諸羅夏日電影座
IG：@cyfilmfestival


https://imgur.com/3odaSQb



《2019 諸羅夏日電影座——青檸特調》

青春，是一顆半熟檸檬，由強勁刺激的酸、略帶憂愁的苦、說不出口的澀和溫潤回甘的甜
所構成，混著身體內旺盛的荷爾蒙與站在人生十字路口的迷惘，青春成了人生中最特殊且
最吸引人的一種滋味，影像工作者們將不同時、不同地、不同人，但卻是同一個年少輕狂
化為膠卷呈現在眾人眼前，訴說著各個不同的青春年華，這個夏末，走進影廳，找個舒服
的座位，來回甘、感受、啜飲這杯『青檸特調』吧！


日期｜8/24(六)~8/25(日)

地點｜嘉義承億小鎮慢讀四樓展演空間

時程表｜
8/24(六)
09:30~10:00 開放進場
10:00~10:30 開幕式
10:40~12:50《夏》
13:00~14:30【夏 映後講座】
15:00~15:30 開放進場
15:30~17:30《紐約哈哈哈》
17:40~19:10【紐約哈哈哈 映後講座】

8/25(日)
10:30~11:00 開放進場
11:00~13:00《聽媽媽的話》
13:10~14:40【聽媽媽的話 映後講座】
15:00~15:30 開放進場
15:30~17:30《法外之徒》
17:40~19:10【法外之徒 映後講座】


活動注意事項：
1. 本活動為現場入場制(不收費、 不需票券)，座位有限，額滿為止，如進場時間後進場
，需視當天工作人員判斷有無空位而開放進場，中途離開不保留座位
2. 本活動提供茶水點心，來賓可酌量取用，數量有限
3. 電影播放期間請將手機轉為靜音模式
4. 場內禁止喧嘩吵鬧
5. 場內禁止攜帶寵物
6. 場內禁止吸菸及嚼食檳榔
7. 場內禁止使用任何攝影錄音器材
8. 場內禁止攜帶重口味食物


https://imgur.com/82UMdme

https://imgur.com/U8blsXw

https://imgur.com/KW0s0ii

https://imgur.com/G87SobR




更多資訊請追蹤臉書及IG~

FB：2019諸羅夏日電影座
IG：@cyfilmfestival


--
※ 發信站: 批踢踢實業坊(ptt.cc), 來自: 111.82.158.214 (臺灣)
※ 文章網址: https://www.ptt.cc/bbs/Chiayi/M.1566392254.A.DCA.html

※ 發信站: 批踢踢實業坊(ptt.cc)
※ 轉錄者: witchgaze (111.82.158.214 臺灣), 08/21/2019 21:08:23
"
NuCat (騎山豬撞教官),movie,Re: [討論] 只有我覺得漫威完蛋了嗎？,Wed Aug 21 21:13:13 2019,26,"
※ 引述《dameontree (花開花落自有時)》之銘言：
: 如提
題字寫錯了

: 迪士尼與SONY談判破局
: 怎麼這邊一面倒認為是索尼吃虧 是索尼不知好歹不接受迪士尼條件
: 好像索尼罪大惡極一定會走下坡一樣
: 正好相反好嗎？
: 當初沒有陶比蜘蛛人   英雄電影這個類型片還不知根本能不能崛起勒
: 漫威二十幾部 都是為蜘蛛人鋪陳的好不好
: 都是觀眾在期待未來有一天漫威頭號招牌蜘蛛人的加入才看的
: 沒有蜘蛛人  誰理你那些雜魚英雄
: 跟蜘蛛人比 什麼黑豹驚奇隊長啥的都是雜魚
: 我敢說如果確定漫威宇宙未來沒有蜘蛛人
: 剩下那些跑龍套的英雄電影
: 漫威電影只會走下坡
: 我支持SONY 抵制萬惡老鼠帝國


德不孤 必有鄰

你的想法與我不謀而合，

首先我認為 漫威現在的情況 很像蜀漢末期

根本就沒人才了

只剩一個諸葛亮在苦苦支撐

可以說 鋼鐵人就是漫威陣營的豬哥亮


諸葛亮 和 鋼鐵人    2人驚人的相似



1. 智力都很高接近滿分



2. 都發明了很多東西。


鋼鐵人就不用說了大家都很孰悉

諸葛亮我補充一下

他發明了 連弩、木牛流馬、饅頭、孔明燈、地雷 等。 據說麻將也是他發明的



3. 都曾內鬥自己家的第一猛將

諸葛鬥關公  鋼鐵人鬥美隊


4. 都能從雙手發射雷射光

臥龍光線 biu biu~


綜上。

我認為漫威陣營 少了 鋼鐵人 出師未捷身先死

現在情況 真的很危險

而蜘蛛人之於鋼鐵人   相當於姜維的地位 諸葛亮欽點的唯一接班人

現在諸葛掛了  姜維也被用計離間了

一下少掉兩人 漫威還能變出什麼把戲？

我大DC是否可以笑著一統江山了？


哈，是否　

--
※ 發信站: 批踢踢實業坊(ptt.cc), 來自: 112.81.99.31 (中國)
※ 文章網址: https://www.ptt.cc/bbs/movie/M.1566393196.A.BC7.html
   XDDDD 我會努力活下去！
   你講的這幾個就王平、廖化等級.... 鷹眼就相當於馬岱
   沒有老大在那邊Carry 就真的甚麼都不是
   蜘蛛人人氣要高分的多 角色魅力也不在一個檔次
   大家來集資讓漫威遊戲模組化吧 我超愛黑寡婦!
   就諸葛雷射啊!
   XDD 鋼鐵人胸前也有方舟能源炮啊
※ 編輯: NuCat (112.81.99.31 中國), 08/22/2019 00:00:25
"
pf775 (pf775),movie,[新聞] 梅根·福克斯稱出演韓片「長沙裏」是新挑,Wed Aug 21 21:13:50 2019,1,"
https://chinese.joins.com/big5/article.aspx?art_id=192116&category=003001

梅根·福克斯稱出演韓片「長沙裏」是新挑戰

來源：日刊體育 2019.08.21 14:43

8月21日首爾CGV影城狎鷗亭店舉行電影「長沙裏：被遺忘的英雄們」製作報告會，出演該
片的梅根·福克斯對決定出演的理由表示“首先是因為我沒有出演過以曆史為背景的電影
”。

接著她又表示，“另外更重要的是我很希望能夠和郭璟澤導演一起合作”，“這部作品本
身對我來說既是挑戰，也是冒險”。 '

「長沙裏：被遺忘的英雄們」 根據韓國戰爭時使戰爭形勢出現反轉的仁川登陸作戰前聲
東擊西的長沙登陸作戰的真實曆史故事改編而成，講述了為使仁川登陸作戰取得成功而投
入772名學生兵的故事。

韓國中央日報中文網 http://cn.joins.com/big5



--
※ 發信站: 批踢踢實業坊(ptt.cc), 來自: 202.39.38.251 (臺灣)
※ 文章網址: https://www.ptt.cc/bbs/movie/M.1566393232.A.632.html
"
egg100152002 (培根蛋大),movie,[片單] 復仇片,Wed Aug 21 21:18:22 2019,6,"

1. 請簡述自身需求片單理由 或 欲尋找電影的類型或特徵（請盡量描述清楚）

 想找退休特務引退江湖後因為一些事情而復出
剛看完私刑教育系列百看不膩呀
懇請前輩們提點

2. 已知符合需求的電影或偏好的電影類型（為避免重複推文，請至少列舉一部）

即刻救援、私刑教育、龍吻、殺手黑嘉麗
3. 不喜歡的電影類型            （不需要板友推薦的電影片名）
寒單

--
※ 發信站: 批踢踢實業坊(ptt.cc), 來自: 14.201.104.244 (澳大利亞)
※ 文章網址: https://www.ptt.cc/bbs/movie/M.1566393504.A.16E.html
之前就看過啦～～～剛剛溫習剛看完
※ 編輯: egg100152002 (14.201.104.244 澳大利亞), 08/21/2019 21:20:29

看過，這老爸很強！
殺兇手很殘酷，但後來偏掉了 唉
※ 編輯: egg100152002 (14.201.104.244 澳大利亞), 08/21/2019 21:50:15
"
cheng0611 (阿元桑),movie,Re: [討論] 局外人看索尼和迪士尼關於蜘蛛人的談判,Wed Aug 21 14:11:38 2019,0,"
理性分析一下，先看版權，SONY有蜘蛛人電影版權，漫威（迪士尼）仍保有漫畫版權，超
英電影無非就是更具漫畫人設或故事題材做為基底改編的。
SONY最近想搞的蜘蛛宇宙，不得不說也是有受到漫畫中蜘蛛宇宙大事件（2014年）影響。

至於最近捧的兩位新蜘蛛人
女蜘蛛人關 　　漫畫初登場2014年
黑蜘蛛人麥爾斯  漫畫初登場2011年
其實這些都是漫威在千禧年前已經賣掉電影版權後創作出的新題材，當然後期創作的角色
版權到底算誰的還很模糊，但SONY既然可以拿來拍電影應該屬SONY的。

漫威方－
1.拍返校日跟離家日已經拿出誠意合作了，票房至少讓SONY躺著賺
2.漫威近期創造的新角色新故事也是靠漫畫先捧起來SONY才有機會拍電影
依據上面兩個理由漫威投入蠻多資源在捧蜘蛛人系列IP，要求均分算是合情合理。

再來分析歷史票房
蜘蛛人1         　票房8.2億美元／預算1.4億美元
蜘蛛人2   　　　　票房7.8億美元 ／預算2億美元
蜘蛛人3   　　　　票房8.9億美元 ／預算2.58億美元
蜘蛛人：驚奇在起  票房7.5億美元 ／預算2.3億美元
蜘蛛人：電光之戰  票房7.0億美元 ／預算2.X億美元
蜘蛛人：返校日　  票房8.8億美元 ／預算1.75億美元
蜘蛛人：離家日    票房11.09億元 ／預算1.6億美元

猛毒              票房8.5億美元 ／預算1.1億
蜘蛛人：新宇宙　  票房3.7億美元 ／預算9仟萬

SONY方
那兩部有漫威助陣確實有獲益，但如果要談平分，合作平分拿到的獲利遠不及SONY自己拍
的獲利，拒絕也只是在商言商。


目前應該是喬不攏先各走各的，如果後續漸行漸遠，只能希望SONY自成一派後自立自強。

至於漫威應該會讓蜘蛛人系列慢慢消失在漫畫中或是周邊授權遊戲，畢竟之前就對驚奇
四超人跟X戰警等用過這招。
而且後面排隊要拍電影的還很多，鋼鐵人跟美隊都可以退役了，真的不差蜘蛛人...

當然還是期待能重啟談判，我個人是覺得同個宇宙還是會多點額外的樂趣。



※ 引述《t13thbc (the 13th black cat)》之銘言：
: 早上因為這個消息 電影板和C洽板都炸開了
: 明明只是媒體的爆料 也沒正式新聞稿 就引發一連串討論了
: 而目前也只有索尼的官方聲明
: 索尼官方聲明傳送門
:  #1TNCS3ES (movie)
: https://www.ptt.cc/bbs/movie/M.1566361347.A.39C.html
: 看起來也只是說 因為迪士尼不讓凱文費吉再接下來的蜘蛛人電影擔任製作人
: 索尼覺得失望
: 是不是不繼續合作 也講的很曖昧 一切都沒說死就還有其他可能
: 但我最看不慣的是 說索尼或迪士尼貪婪 說兩邊會虧死 說漫威接下來的第四階段會炸
掉
: 說蜘蛛人又要被玩爛
: 怎麼消息還沒說死 就冒出很多精算師幫忙計算損益 或是很多預言家 斷言誰會爆死
: 誰虧不虧損 明明就很難說
: 而且這些大公司 難道會如板眾所想如此短視?
: 或著該說如果真的預測會虧損 真的會放棄這合作計畫 而不繼續重啟談判?
: 至於第四階段 或是索尼自己的規劃 哪邊會爆死還真的難說
: 畢竟 漫威被看衰很多次了 從GOTG就預測漫威即將走下坡 說大家膩了疲軟了
: GOTG沒幾個角色是大眾認識的 結果電影上映以後 該說現在漫威隨便端個什麼東西
: 出來都大賣
: 第四階段又一堆人看衰了 我不想當預言家 我只等上映了再說
: 至於索尼會不會搞爛蜘蛛人 天曉得 現在猛毒成功得打出自己的一片天
: 再讓蜘蛛人跟猛毒合作 搞聯動也不是不行
: 有太多可能性了 怎麼會少哪邊哪邊就倒或是虧損
: 至於貪婪 吃相難看 哪家公司談合約不是以己方利益最大化為前提去談的?
: 談得攏就合作 談不攏就再談 再不行就別合作 商業之間的動作不就如此
: 真的不合作了 有什麼損失也是各自要承擔的
: 真的損失承擔不了 再談合作也不是不可能 不是嗎

--
※ 發信站: 批踢踢實業坊(ptt.cc), 來自: 180.218.171.181 (臺灣)
※ 文章網址: https://www.ptt.cc/bbs/movie/M.1566367900.A.976.html
※ 編輯: cheng0611 (101.8.227.218 臺灣), 08/21/2019 14:13:21
※ 編輯: cheng0611 (180.218.171.181 臺灣), 08/21/2019 14:15:13
"
ericisfish (台中李宗瑞),movie,[討論] 華納DC再這樣下去，蝙蝠俠會被買走嗎?,Wed Aug 21 14:23:06 2019,0,"
如題

漫威在最低潮的時候

賣出了蜘蛛人的拍攝權

導致至今就算MCEU再起

蜘蛛人的拍攝版權問題還是很多



而我們華納DC

今天也走到了如漫威的低潮

電影也不怎麼樣


大到家知道

DC知名度少數可以看見蜘蛛人車尾燈的角色

大概就是阿蝙蝙蝠俠了

華納DC再這樣下去

未來蝙蝠俠的拍攝版權有可能會賣掉嗎?

--
※ 發信站: 批踢踢實業坊(ptt.cc), 來自: 36.239.68.126 (臺灣)
※ 文章網址: https://www.ptt.cc/bbs/movie/M.1566368589.A.B45.html
DC就華納的阿= =
※ 編輯: ericisfish (36.239.68.126 臺灣), 08/21/2019 15:09:02
"
ZMTL (夜風/瀟湘 VR板已經開板!),movie,Re: [討論] 局外人看索尼和迪士尼關於蜘蛛人的談判,Wed Aug 21 14:37:57 2019,16,"

在C洽跟其他板友討的一點想法。

整件事情看起來是這樣：

米老鼠：接下來第四階段凱文很忙，可能沒辦法幫你們做蜘蛛人3了。
索尼  ：不行，我們需要凱文幫忙。
米老鼠：可以，那把我們的抽成提高吧，錢分我凱文就給你們用。
索尼  ：這合約不行，如果談不攏我們就把蜘蛛人從MCU收回一拍兩散吧。

（雙方持續討論要讓凱文支援蜘蛛3要多少分成）

然後現在看起來是先丟部份消息出來帶風向，就符合兩篇說法啦？


凱文是迪士尼的人，
如果合約沒有保證凱文一定要支援蜘蛛人系列的話他確實就變成了一個雙方談價籌碼。
所以索尼也說不是凱文的問題，畢竟凱文還是要看他老闆（迪士尼）的決定吧。

迪士尼有錯嗎？我覺得米老鼠要把他們最強的人用在MCU本家其實也沒什麼錯吧？
單從這個猜想來看啦。


另外有板友提到，雙方分歧的部份可能包括蜘蛛人3的時程，
可能迪士尼暫時沒計畫（也沒人力），但索尼急著想拍。（並且需要漫威跟凱文的支援）

當然這個分歧可以用錢解決，就看你想讓出多少，也是這次談判的主因。


--
※ 發信站: 批踢踢實業坊(ptt.cc), 來自: 118.171.223.248 (臺灣)
※ 文章網址: https://www.ptt.cc/bbs/movie/M.1566369479.A.E88.html
※ 編輯: ZMTL (118.171.223.248 臺灣), 08/21/2019 14:39:15
"
rueji (rueji),movie,Re: [討論]我知道怎麼幫漫威解套了!,Wed Aug 21 14:46:46 2019,0,"



其實真正的解套也很簡單，就是蜘蛛人成為名符其實的社區英雄。

從此之後大事都不甘他的事，他在他那一區過著幸福快樂的日子

不用賜死也不用搞什麼，就讓蜘蛛人回歸蜘蛛人，等到版權喬攏了，再來拍個跟大事又連
接起來就可以了，大概是這樣


--
※ 發信站: 批踢踢實業坊(ptt.cc), 來自: 106.1.23.132 (臺灣)
※ 文章網址: https://www.ptt.cc/bbs/movie/M.1566370008.A.26A.html
"
Tosca ( ),movie,Re: [閒聊] 關於押井守,Wed Aug 21 14:58:30 2019,4,"
※ 引述《jeanvanjohn (尚市長)》之銘言：
: 把別人的功勞占為己有，然後再恣意妄為惡搞，
: 押井守不過就是動畫界裡的郭公罷了。

1.動畫界本來就八卦一堆
宮崎駿當年霍爾的城堡趕走細田守
整個過程也沒多好看好嘛
細田守當時只差沒憂鬱到要自殺而已
結果還是給他拿到第二次機會 拍了海賊王電影版
也就是祭典男爵
任何人都看得出來
祭典男爵 講的就是他自己



2.既然講到機動警察
怎麼不講更早的福星小子電影版?
當時福星小子電影版 第一集拍到一半 導演落跑
(是真的落跑 找不到人XD)
片商只好強迫押井守出來接手
收拾殘局

出乎意料的 居然還拍的完
票房也還可以

所以才有福星小子第二部電影版
beautiful dreamer
這部就是不折不扣的押井守電影
裡面充滿他的印記
有軍事武器 有活在夢裡的神劇本
甚至還討論了點哲學

類似的情況 在宮崎駿的魯邦三世也看的到
那裡面也充滿了宮崎駿的印記
不管是片頭的飛機 甚至穿飛行裝戴護目鏡的飛行員
那都是典型的宮崎駿味道
連結尾告訴大家
最珍貴得資產不是金銀財寶
而是大自然

更扯的是 連魯邦在裡面開的車
就是宮崎駿自己開的車子XD
雪鐵龍2CV

總之 押井守一開始救了福星小子
也該有點功勞吧
怎麼就直接跳過從機動警察開始講?!



3.要講惡劣
其實不可能有比宮騎駿更惡劣的
多少大師被他趕走 霸菱過XD
庵野秀明甚至說過 沒人可以在宮崎駿的陰影下做事

要講八卦講不完啦
而且我都忘了從哪些書上看到的
這邊一點那邊一點 只能憑記憶拼湊了
話說到現在都還等不到beautiful dreamer在itunes或netfelix推出
讓我想回味也沒辦法o.O

--
※ 發信站: 批踢踢實業坊(ptt.cc), 來自: 114.27.91.32 (臺灣)
※ 文章網址: https://www.ptt.cc/bbs/movie/M.1566370712.A.F4D.html
※ 編輯: Tosca (114.27.91.32 臺灣), 08/21/2019 15:01:02
"
justin200428 (7788kkk),movie,駭客任務4 on the way,Wed Aug 21 15:05:28 2019,9,"
不囉嗦

直接上圖

https://i.imgur.com/6SNNuZ5.jpg

--
※ 發信站: 批踢踢實業坊(ptt.cc), 來自: 114.137.22.67 (臺灣)
※ 文章網址: https://www.ptt.cc/bbs/movie/M.1566371130.A.D8A.html
"
zoophile (mockingbird),movie,[討論] 上氣將會取代蜘蛛人？,Wed Aug 21 15:05:50 2019,16,"
蜘蛛人原本是鋼鐵人的接班人，但索尼與漫威談判破裂，蜘蛛人將消失於

漫威宇宙，上氣裡的十環幫跟鋼鐵人很有淵源，鋼鐵人第一集就被十環幫

抓走，十環幫的科技也不輸鋼鐵人，這次蜘蛛人離開漫威其實只是一場秀

而已，目的是要讓上氣正式成為鋼鐵人接班人，漫威接下來的策略就是捧

中國人上氣跟黑人美國隊長，接下來再讓同性戀當永恆族的主角。

--
※ 發信站: 批踢踢實業坊(ptt.cc), 來自: 36.235.150.194 (臺灣)
※ 文章網址: https://www.ptt.cc/bbs/movie/M.1566371152.A.7E0.html
"
ohyesforfun (男哥哥),movie,[討論] 想到幫現在蜘蛛人解套的方式,Wed Aug 21 15:12:53 2019,8,"
蜘蛛人現在為了錢或是其他利益攤位攏???????


那何不在創一個新角色

不要蜘蛛人可以啊

安排彼特接任鋼鐵人移除自己蜘蛛人基因

直接變成新一代鋼鐵人

不然再想一個一樣有八隻腳會噴東西的


像是被章魚咬到變成章魚人

配色又非常符合鋼鐵人戰甲

直接變成八爪博士豈不是更能登上大雅之堂

蜘蛛基因就讓他去了吧

不然還有一個更妙的處理方式

蜘蛛人被其他平行宇宙的加菲貓章魚博士替換了

在合約談好之前都由加菲貓代替蜘蛛人出征

談好後再握手回到各自的宇宙







--
※ 發信站: 批踢踢實業坊(ptt.cc), 來自: 111.83.243.93 (臺灣)
※ 文章網址: https://www.ptt.cc/bbs/movie/M.1566371575.A.5A7.html
※ 編輯: ohyesforfun (111.83.243.93 臺灣), 08/21/2019 15:14:05
"
tim200513 (瞧不起肥宅的胖子),movie,Re: [討論] 駭客任務4確定2020年開拍,Wed Aug 21 15:43:47 2019,7,"
看到基努回歸固然開心
但說實在的我對這續集沒有一絲的期待更擔心一個經典會就此殞落

駭客任務系列目前來看已經夠完整夠好看了
雖然我覺得2.3集講的東西已經開始有點虛無縹緲了
但第一集真的是有內涵深度又有動作場面的經典

而這次續集雖然這世界觀很好掰
但導演從兄弟變兄妹再變姐妹
近期作品可說是每況愈下
都能稱為該年最差的那種了...
到了這集更只剩下姐姐一人來拍了

為了基努還是會進場看啦
只是實在不看好...
-----
Sent from JPTT on my iPhone

--
※ 發信站: 批踢踢實業坊(ptt.cc), 來自: 36.232.45.187 (臺灣)
※ 文章網址: https://www.ptt.cc/bbs/movie/M.1566373429.A.A6B.html
"
shiuichi (三隻魚閃鏢),movie,[討論] 荷蘭弟版蜘蛛人會有續集嗎,Wed Aug 21 15:52:27 2019,13,"
記得沒錯的話，荷蘭弟是簽下了六部電影合約，目前已經拍了五部：
美隊3英雄內戰
返校日
復3
復4
離家日

如果索尼跟迪士尼談判真的破裂，KF回本家不再幫忙製作後面的MCU蜘蛛人，那荷蘭弟版
本的蜘蛛人還會有合約上的最後一部嗎？切割MCU直接拍，還是又直接重啟？

是說荷蘭弟之前太嘴最後嘴到自己了XDDDD
https://i.imgur.com/JegPmPx.jpg

--
※ 發信站: 批踢踢實業坊(ptt.cc), 來自: 223.140.170.186 (臺灣)
※ 文章網址: https://www.ptt.cc/bbs/movie/M.1566373949.A.8E1.html
"
BleedWang (),movie,[討論] 新宇宙,Wed Aug 21 16:04:05 2019,25,"

有人說索尼新宇宙拍得好

所以沒迪士尼沒關係

但是不要忘了 新宇宙的反派

金霸王的版權現在是在迪士尼身上

而且黑蜘蛛人和蜘蛛關

都是索尼買斷版權 10幾年之後才出現的角色

理論上 索尼應該不能用這些角色

但是新宇宙卻出現了這些角色

可見得這兩家合作的非常非常密切

所以現在的事件 應該是兩家公司炒新聞

只是在吊影迷胃口 實際上早就談好了

過幾天就會宣佈合約談成功的消息



-----
Sent from JPTT on my OPPO CPH1707.

--
※ 發信站: 批踢踢實業坊(ptt.cc), 來自: 110.50.139.61 (臺灣)
※ 文章網址: https://www.ptt.cc/bbs/movie/M.1566374647.A.8BD.html


猛毒1988年就出現了 那是在買斷版權之前
索尼本來就能用
※ 編輯: BleedWang (110.50.139.61 臺灣), 08/21/2019 16:09:13
"
qpr322 (龍魚),movie,[情報] 2020 韓國奧斯卡代表：《寄生上流》,Wed Aug 21 16:27:08 2019,27,"

根據消息指出，韓國的「映畫振興委員會」已經選定《寄生上流》為今年韓國申報奧斯卡
「最佳國際電影」的代表作品。

https://i.imgur.com/R9LjOnq.jpg

《寄生上流》為導演奉俊昊今年在坎城影展拿下最大獎「金棕櫚獎」的作品，也將成為他
第二部代表韓國出征奧斯卡的作品，上一部為 2009 年的《非常母親》。當時在坎城影展
由《鳥人》導演 Alejandro González Iñárritu 領軍的評審團表示這是全員一致毫無
疑問的金棕櫚獎得主。

《寄生上流》描述一家四口全是無業遊民的爸爸基澤（宋康昊 飾）成天遊手好閒，直到
積極向上的長子基宇（崔宇植 飾）靠著假文憑成功應徵上有錢人朴社長（李善均 飾）家
的家教，才讓苟且偷生的一家人彷彿看到一線生機，紛紛用盡詭計想以無孔不入的方式共
享上流人的生活，但他們需索無度的貪欲卻讓情況逐漸失控……。（取自開眼）

時光網的新聞中指出映振興委員會表示：「考慮到該片作為已經在坎城影展獲獎，並在許
多電影節獲得矚目的世界性話題作品，且導演具有很高知名度，以及它足夠代表當下韓國
電影的藝術性，技術性，同時考慮到美國發行公司的積極助力，最終選定該片。」

而目前《寄生上流》在多國上映都已經開出票房好成績，再加上坎城影展金獎的加持，要
挺入奧斯卡五強並非難事。

此外，《寄生上流》在美國的發行公司為 Neon，雖然是一家新公司，但近年已有成功操
作《老娘叫譚雅》挺進奧斯卡的成績，也是和 A24相匹敵備受外界看好的新銳公司之一。
目前美國排定 10 月 11 日上映。

※      美國版預告：https://youtu.be/isOGD_7hNIY

韓國在 1962 年開始申報奧斯卡最佳國際電影，至今已經報名過 30 次，但從未有電影進
入最終五強中，而今年的《燃燒烈愛》為韓國首次進入短名單的作品。

近十年韓國申報電影為：

2018：《燃燒烈愛》
2017：《我只是個計程車司機》
2016：《密探》
2015：《逆倫王朝》
2014：《海霧》
2013：《讓愛從心開始》
2012：《聖殤》
2011：《高地戰》
2010：《赤腳夢想》
2009：《非常母親》
2008：《北逃》

--
※ 發信站: 批踢踢實業坊(ptt.cc), 來自: 59.127.164.178 (臺灣)
※ 文章網址: https://www.ptt.cc/bbs/movie/M.1566376030.A.D5A.html
※ 編輯: qpr322 (59.127.164.178 臺灣), 08/21/2019 16:28:10
完全忘了XD...，已修改
※ 編輯: qpr322 (59.127.164.178 臺灣), 08/21/2019 16:34:59
"
jeanvanjohn (尚市長),movie,Re: [閒聊] 關於押井守,Wed Aug 21 16:31:55 2019,0,"
※ 引述《Tosca ( )》之銘言：
: 總之 押井守一開始救了福星小子
: 也該有點功勞吧
: 怎麼就直接跳過從機動警察開始講?!

我沒有說早年的押井守不棒啊，事實上我很喜歡""黑色三連星""，
更喜歡""祖先萬萬歲""(特別喜歡玄田哲章先生演的室戶文明)，
但是這些都沒有機動警察被篡奪這件事讓我來的心痛；

畢竟當年高田明美老師來台灣，所有人都是拿巧克力甜甜跟阿圓給她簽，
只有我一個人抱著野明的畫像去找老師簽書，
所以我絕對、絕對無法接受有人刻意把""泉 野明""竄改成""泉野 明""這種事!!!!!!

(更過分的是，押井守本來打算把竄改的泉野 明改成男性，後來被片商擋掉了，
所以真人版的偽泉野 明仍然是女性。)

我想，機動警察對Headgear的其他人來說，應該也都是個難以磨滅的回憶，
要不然他們為什麼要去庵野那裏，重拍""沒有押井守的機動警察""?

再補一個趣味小八卦(跟竄改無關了):

押井守曾經把茨城縣的大洗畫成一個""狗不生蛋鳥不拉屎的地方""，
從此這個又老又窮的印象就跟了大洗幾十年，
直到幾年前有個叫水島努的人以大洗為舞台，拍了個經典的動畫""少女與戰車""，
大洗才一夕之間鹹魚翻身，要不然他們可能會被押井守害一輩子:)

--
※ 發信站: 批踢踢實業坊(ptt.cc), 來自: 111.184.32.12 (臺灣)
※ 文章網址: https://www.ptt.cc/bbs/movie/M.1566376317.A.C52.html
※ 編輯: jeanvanjohn (111.184.32.12 臺灣), 08/21/2019 16:44:55
"
arsl400 (dark hatter),movie,[討論] 全面攻佔:天使救援 爛番茄開盤預估,Wed Aug 21 16:49:06 2019,31,"
https://www.rottentomatoes.com/

只有首頁看的到分數，60分
目前影評數量還不夠多
附帶一提，這是整個系列最高的分數

--
※ 發信站: 批踢踢實業坊(ptt.cc), 來自: 180.204.32.162 (臺灣)
※ 文章網址: https://www.ptt.cc/bbs/movie/M.1566377348.A.428.html
"
hvariables (Speculative Male),movie,[新聞] 航海王導演大塚隆史 親筆寫下我愛臺灣,Wed Aug 21 17:15:20 2019,11,"
https://ent.ltn.com.tw/news/paper/1312007

航海王導演大塚隆史 親筆寫下我愛臺灣

2019/08/21 05:30

https://img.ltn.com.tw/Upload/ent/page/800/2019/08/21/46.jpg
導演大塚隆史親筆寫下「期待新的航海王電影來臺灣」（双喜提供）

〔記者吳琬婷／綜合報導〕航海王20週年紀念電影《航海王：奪寶爭霸戰》挾帶日本上映
10日吸金近9億台幣的票房佳績襲台，不只原作畫家尾田榮一郎上映前，親自提筆留言保
證好看外，連動畫版導演大塚隆史也在簽名版畫了魯夫，更在上面親筆寫下「我愛臺灣」
、「期待新的航海王電影來臺灣」，向台灣粉絲熱情喊話。

尾田榮一郎的連載漫畫《航海王》，是金氏世界紀錄「單一作家漫畫系列作品出版最多」
的世界紀錄保持者，創作發行量統計至2019年3月，在全球已經達到4.5億冊。而尾田榮一
郎不僅為20週年紀念電影擔任創意總監，更為新片設計新角色巴列德和費斯塔，令粉絲期
待。該片今在台上映。

--
http://mbscnn.org/NewsList.aspx?CLASS=221
上座部佛教馬哈希尊者帝釋所問經講記77頁拆穿假佛法大乘的騙局。
馬哈希尊者毗婆舍那講記(含法的醫療)說明如何修四念處增加智慧斷除所有煩惱。
https://santi4u.blogspot.com/  PTMC 馬哈希寂靜禪園
妙法蓮華經、華嚴經、心經、金剛經、梵網經(菩薩戒)、圓覺經、楞嚴經是大乘假佛經。
阿彌陀佛 藥師佛 大日如來是大乘假佛 觀世音 維摩詰 龍樹 地藏王是大乘假菩薩

--
※ 發信站: 批踢踢實業坊(ptt.cc), 來自: 220.137.163.147 (臺灣)
※ 文章網址: https://www.ptt.cc/bbs/movie/M.1566378923.A.92F.html
"
lpbrother (LP哥(LP = Love & Peace)),movie,[新聞] 等了16年！《駭客任務4》確定開拍「基努,Wed Aug 21 17:30:25 2019,14,"
新聞網址： https://star.ettoday.net/news/1517810

等了16年！《駭客任務4》確定開拍「基努李維回歸」

2019年08月21日 12:17

記者洪文／綜合報導

等了16年！《駭客任務4》確定開拍，導演華卓斯基姊妹再度回鍋執導，兩位主角基努李
維（Keanu Reeves）、凱莉安摩絲（Carrie-Anne Moss）確定回歸演出。時值《駭客任務
》20周年之際，別具意義，粉絲都相當期待。

根據權威媒體《綜藝報》（Variety）報導，華納兄弟、威秀影業（Village Roadshow
Pictures）確定製作並發行《駭客任務4》，華納兄弟主席托比艾默瑞奇（Toby Emmerich
）表示：「我們非常興奮拉娜華卓斯基回歸，她是非常有遠見的人，正在編寫《駭客任務
》電影世界新的篇章。」消息人士指出，該片預計2020年開拍。

《駭客任務》3部曲全球票房共計16億美金，幕後推手便是導演華卓斯基姊妹（原為兄弟
檔，後來相繼變性），導演之一拉娜華卓斯基表示：「莉莉與我在20年討論過很多想法，
現在更接近現實，我很高興能把這些人物帶回我的生活中，很感謝有機會再度與有才華的
朋友們一起工作。」

華納兄弟多年來希望推出《駭客任務4》，未料諸多原因計畫延宕已久。據傳，基努李維
在2019年的票房表現，促使華納兄弟再度推動第4集籌備的最大轉機。他靠著《捍衛任務3
：全面開戰》創下系列作品最高票房，又以擔任配音的《玩具總動員4》開出票房紅盤，
票房實力不容小覷。



--
※ 發信站: 批踢踢實業坊(ptt.cc), 來自: 59.125.244.23 (臺灣)
※ 文章網址: https://www.ptt.cc/bbs/movie/M.1566379827.A.F96.html
"
Kevinsun (阿肥),movie,[討論] 007片名怎翻譯,Wed Aug 21 17:45:36 2019,102,"
如題

今天新聞報導007的片名
（丹尼爾最後一部）

No Time to Die

意思就沒時間去死

很智障又炫炮的超直接片名

但中文片名怎翻？

說真的其中一集skyfall真的翻很爛

其實skyfall在劇情裡是莊園名稱

台片卻翻空降危機

結果劇情也沒有相關內容

我目前只有想到

時不我死之類的翻譯

各位大大認為呢？

--
※ 發信站: 批踢踢實業坊(ptt.cc), 來自: 49.214.148.201 (臺灣)
※ 文章網址: https://www.ptt.cc/bbs/movie/M.1566380738.A.E32.html
應該說片名炫卻不相關
※ 編輯: Kevinsun (49.214.148.201 臺灣), 08/21/2019 17:50:55
接地氣很讚
不要以為我不知道你在講那集XD
我笑了
要換了啦！
※ 編輯: Kevinsun (49.214.148.201 臺灣), 08/21/2019 18:00:38
這很台客
戴普表示.....
感覺Ok?
跟我很像
痾.....
但很炫炮
雙關不錯（新片劇情也類似）
很有驚悚片的feeling
噓你神鬼XX
what?
跟劇情？？
沒看過那麼長的副片名
已經預告會繼續出了！
他最後的演出接下來換人
？
一直危機是要？
好 很好 非常好
所以你啥時要喝
雙關不錯
但skyfall是莊園欸...
007之九品芝麻官？
也許喔
某英雄電影？
Die another day表示.....
蝦餃？
聽說他會客串後面的續集
台語片名有點...
※ 編輯: Kevinsun (49.214.148.201 臺灣), 08/21/2019 22:43:43
"
fightclubgf (streetfighter!!!!),movie,Re: [閒聊] 關於押井守,Wed Aug 21 17:52:02 2019,2,"
※ 引述《jeanvanjohn (尚市長)》之銘言：
: ※ 引述《Tosca ( )》之銘言：
: : 總之 押井守一開始救了福星小子
: : 也該有點功勞吧
: : 怎麼就直接跳過從機動警察開始講?!
: 我沒有說早年的押井守不棒啊，事實上我很喜歡""黑色三連星""，
: 更喜歡""祖先萬萬歲""(特別喜歡玄田哲章先生演的室戶文明)，
: 但是這些都沒有機動警察被篡奪這件事讓我來的心痛；
: 畢竟當年高田明美老師來台灣，所有人都是拿巧克力甜甜跟阿圓給她簽，
: 只有我一個人抱著野明的畫像去找老師簽書，
: 所以我絕對、絕對無法接受有人刻意把""泉 野明""竄改成""泉野 明""這種事!!!!!!
: (更過分的是，押井守本來打算把竄改的泉野 明改成男性，後來被片商擋掉了，
: 所以真人版的偽泉野 明仍然是女性。)
: 我想，機動警察對Headgear的其他人來說，應該也都是個難以磨滅的回憶，
: 要不然他們為什麼要去庵野那裏，重拍""沒有押井守的機動警察""?
: 再補一個趣味小八卦(跟竄改無關了):
: 押井守曾經把茨城縣的大洗畫成一個""狗不生蛋鳥不拉屎的地方""，
: 從此這個又老又窮的印象就跟了大洗幾十年，
: 直到幾年前有個叫水島努的人以大洗為舞台，拍了個經典的動畫""少女與戰車""，
: 大洗才一夕之間鹹魚翻身，要不然他們可能會被押井守害一輩子:)

那個機動警察真人版 應該算是重開機或平行世界之類的
不能算竄改吧
當初只看了一集感覺不太好看，
後來也忘了有這件事，就沒再看了
剛看了討論，才想起來還有這件事...

我覺得押井守不太擅長拍真人版的電影
不只是他，一些動畫導演拍真人電影畫面都怪怪的
分鏡和動作都有點問題，
像庵野秀明也拍過好幾部真人電影，也有一樣的問題
有些動作和分鏡像違反物理、方向不連貫...，在動畫上可能成立，
但套在真人就是怪

還有押井守應該也比較不擅長自己創作角色，
所以常拿別的作品的角色或設定講自己的故事
也有可能是因為他講的故事都比較不討喜的

如果全部自己創作 會沒有人買單
但如果是拿其他作品來改的話，有基本的觀眾群，風險會小很多

他執導福星小子TV時就常常這樣玩了
雖然是很多惡搞，不過我還蠻喜歡的
他拍的福星小子電影版第二集是系列評價最高
不過因為大改原作，讓高橋留美子很不滿，
可能是這樣，後來的幾部劇場版導演都不是他了


茨城縣大洗是那一部，完全沒印象
我猜應該是早期的作品吧
動畫的事應該沒有幾個人信以為真吧
而且他的作品都是架空或近未來的
就算有描寫到某地方與事實不符
也不應該有這個影響力 造就這個偏見吧

--
※ 發信站: 批踢踢實業坊(ptt.cc), 來自: 122.116.234.202 (臺灣)
※ 文章網址: https://www.ptt.cc/bbs/movie/M.1566381124.A.516.html
"
littlejackbr (liljb),movie,Re: [討論] 談判破局！ 蜘蛛人退出漫威宇宙！,Wed Aug 21 12:45:27 2019,4,"
沒差啦～～～～

漫威現在都開掛角色，
雷神最終進化+女武神+女雷神，
驚隊、奇異、女巫三個外掛角，
智力、暴力擔當浩克，
科技、財力擔當黑豹(附加祖靈庇佑)，
半人半神星爵(神的部分都還沒用到)，
x戰警、驚奇四超人一堆變種。

我還真不知道蜘蛛人在復仇者聯盟5或6要幹嘛？
在裡面除了賣萌，
戰鬥的時候只能盪來盪去裝忙跑龍套，
沒戰鬥力就算了，
還要顧及他會不會被秒，
只會讓大決戰的力量表現侷限了。

--
※ 發信站: 批踢踢實業坊(ptt.cc), 來自: 101.14.195.95 (臺灣)
※ 文章網址: https://www.ptt.cc/bbs/movie/M.1566362729.A.F0D.html
"
willy891017 (其實也還好啊),movie,Re: [討論]我知道怎麼幫漫威解套了!,Wed Aug 21 12:50:40 2019,5,"
※ 引述《area41gold (area41gold在炫耀？哥單s)》之銘言：
: 剛好想到
: 漫威跟sony如此這般分裂
: 此時蜘蛛人處於很尷尬的局面
: 不如讓劇情就是蜘蛛人進化怎樣
: 變成某某人
: 這樣可以創造新英雄或是如何
: 讓蜘蛛人正式退場
: 如何
: -----
: Sent from JPTT on my Samsung SM-N960F.
如果最後是加菲3,4集續拍，
跟猛毒宇宙合體，
荷蘭版的歸MCU，
米老鼠別死要錢退回去拿5%
這樣應該比較好
因為我還想看加菲版3,4集阿QQ

--
※ 發信站: 批踢踢實業坊(ptt.cc), 來自: 114.32.145.188 (臺灣)
※ 文章網址: https://www.ptt.cc/bbs/movie/M.1566363042.A.A32.html
※ 編輯: willy891017 (114.32.145.188 臺灣), 08/21/2019 12:51:06
"
dailon (幻變騷靈),movie,[普負雷] 海賊王：奪寶爭奪戰,Wed Aug 21 13:02:47 2019,9,"
雷文防雷資訊頁


趁著早場衝一波

看完以後發個廢文

給想看但是還沒看的鄉民們一個參考

以下有雷

原則上這次的海賊王動畫

個人評價是中下

十分不推薦

除非你想要電影套餐


~~~~~~~~~~~~~~~~~~~ 雷文 主文分隔線 ~~~~~~~~~~~~~~~~~~~~~~~~~~~~~~~~

這次最大的敗筆在於劇情

1.劇情太簡單-巴雷特敗筆

雖然海賊王可以無腦看

但是這麼無腦的劇情還是頭一遭

開頭的大監獄還可以

但是前期沒有鋪墊反派的過去時就很難入戲

尤其是當你要塑造一個超強的反派時

沒有適時的穿插回憶講述一下反派的歷史

他的強大沒有一個指標對比，

就讓一個新角色可以直接打趴所有人

這實在是很難讓人認同這個反派的出現

尤其是合體果實的能力沒有講清楚

就覺得很WTF

———————————————————

2.小寶箱bug

這個東西不吐槽不行

到底哪來的點子看到一個小舊寶箱

就認為大獎在裡面

就最好這個寶箱沒有被埋在金幣堆裡

或是有一堆的小寶箱

然後一群海賊就這樣子無條件相信那個寶箱

有點黑人問號？？？？？

————————————————————

3.祭典師是三小

實在無法理解這個角色的存在

不是搞笑擔當，也不是戰鬥役

因為曾經辦祭典被羅傑破壞以後

所以也想搞復仇，想要用挑起戰爭毀滅世界

蛤？？？？？？？？

這個邏輯我覺得不行

比起上ㄧ部的gold反派更難讓人認同

————————————————————

4.畫風改變

其實畫風改變的部分還滿容易看出來的

這部分我不會說是好是壞

全憑觀看者的感受

————————————————————

總結來說

劇情完全是熱血打鬥

完全沒有鋪陳，也沒有讓人感動的地方

實在是一大敗筆

過去海賊王被人說劇情拖

但是有感動的點

就還是有追下去的動力

但是這一次的電影，我覺得不行

就連前兩部的Z和Gold 都有令人感動的過去

所以我只想知道尾田這一次對於劇情的想法是

三小

就這樣

--
※ 發信站: 批踢踢實業坊(ptt.cc), 來自: 111.83.198.55 (臺灣)
※ 文章網址: https://www.ptt.cc/bbs/movie/M.1566363769.A.459.html
"
kyle5241 (Kyle Korver),movie,Re: [討論] 用“蜘蛛人突然暴斃了”來交代劇情好嗎？,Wed Aug 21 13:07:53 2019,6,"
呃....

你們是不是都忘了

現在全世界都知道蜘蛛人的身份了

而且還知道他是一個壞蛋

要怎麼消失？


我建議這樣演啦～

在蜘蛛人的身份被公布後

全世界像蜘蛛人發佈了通輯了


蜘蛛人逃到哪都被追殺

可是他很善良不敢傷害人

最後他來到了紐約

因為意外救了一隻狗


突然有一個滿臉鬍子的人站在蜘蛛人背後說：


彼得～你憤怒嗎？

你想不想向高層復仇～

蜘蛛人轉身說：想！

猛毒也跳下來說：算我一份！



蜘蛛人3：捍衛家園


※ 引述《va1kyrie (123)》之銘言：
: 蜘蛛人離開漫威
: 但在漫威劇情裡 蜘蛛人是鋼鐵人的接班人
: 是核心腳色 不可能無聲無息的消失
: 我在想到時候復5的劇情裡
: 可以安排一段簡短的對話
: 像是黑豹突然問奇異博士
: “那個會放蜘蛛絲 飛來飛去的小鬼怎麼不見了?
: 然後奇異博士回:“突然暴斃了”
: 這樣來帶過就好了
: 各位覺得呢？

--
※ 發信站: 批踢踢實業坊(ptt.cc), 來自: 131.215.107.226 (美國)
※ 文章網址: https://www.ptt.cc/bbs/movie/M.1566364075.A.999.html
※ 編輯: kyle5241 (131.215.107.226 美國), 08/21/2019 13:08:12
※ 編輯: kyle5241 (131.215.107.226 美國), 08/21/2019 13:11:42
※ 編輯: kyle5241 (131.215.107.226 美國), 08/21/2019 13:43:15
"
CYKONGG (CYKONGG),movie,[分享]《蜘蛛人》公開多張概念圖 原有鋼鐵軍團,Wed Aug 21 13:10:54 2019,-1,"
《蜘蛛人：離家日》官方公開34張概念圖　原先會惡鬥鋼鐵軍團

https://i.imgur.com/tnn493m.jpg
漫威電影宇宙第3階段收官作品《蜘蛛人：離家日》（Spider-Man: Far From Home）氣勢
如虹，電影全球票房除了衝破11億美元外，還將新增從未曝光片段後重新上映，相信全球
票房仍有上升空間。

日前Marvel Studios乘勢追擊，公開了34張電影概念圖，當中最為影迷注目的想必是蜘蛛
人與喪屍鋼鐵軍團戰鬥的畫面。




由Tom Holland及Jake Gyllenhaal主演的《蜘蛛人：離家日》叫好叫座，目前全球票房累
計超過11億美元收入，成為首部衝破10億美元大關的《蜘蛛人》電影，還成為Sony影業史
上最高票房的電影，可喜可賀。


日前為電影《蜘蛛人：離家日》設計概念圖的Marvel視覺特效設計師Henrik Tamm，在其I
nstagram上傳了多達34張電影概念圖，其中數張沒有採用的概念圖成為影迷焦點。從該照
片可以見到，當時鋼鐵人正在追殺蜘蛛人，迫使他立即逃離Midtown High School。除此
之外，影迷重見多張電影曾採用的概念圖，當中最深刻相信是喪屍鋼鐵人從墳墓中爬出的
畫面。



這批概念圖的構思確實非常瘋狂，難怪《蜘蛛人：離家日》導演Jon Watts曾表示：「我
們為這集構想了很多瘋狂的想法，因為當你在神秘法師的世界，你可以做任何你想做的事
情。」

https://i.imgur.com/Pv5iHRB.jpg
https://i.imgur.com/VnjBmmD.jpg
▲蜘蛛人與水元素決戰。

https://i.imgur.com/BP3TBmA.jpg
▲蜘蛛人與熔岩怪戰鬥。

https://i.imgur.com/CXK22ni.jpg

https://i.imgur.com/p4fEOSH.jpg

https://i.imgur.com/ySsRkbo.jpg
▲原來喪屍鋼鐵人不只一個，還整隊一起追捕蜘蛛人。

https://i.imgur.com/BWMpuQT.jpg

▲如蟻人般巨大化的喪屍鋼鐵人。

https://i.imgur.com/PCZF7Su.jpg

https://i.imgur.com/ZYo7EpJ.jpg
▲預告中也有出現的畫面。

https://i.imgur.com/TNzwzgY.jpg

https://i.imgur.com/dUOvlIo.jpg
▲蜘蛛人與製造災難幻象的無人機戰鬥概念圖。

https://i.imgur.com/aw2q7PZ.jpg

https://i.imgur.com/OrcBF6C.jpg
▲神秘客的世界真是無奇不有。


https://i.imgur.com/ntkkTFq.jpg
▲蜘蛛人在幻象中遇見巨型蜘蛛（蚊子？）。

https://i.imgur.com/2tSZZ8i.jpg

https://i.imgur.com/lCAEWdz.jpg

https://i.imgur.com/yOI1xhl.jpg
▲蜘蛛人與神秘客決戰，這幕到底是真是假？

https://i.imgur.com/h6Kc0HN.jpg
▲Peter與MJ在這集前進了一大步。

https://i.imgur.com/OVMPhl4.jpg
▲蜘蛛人與其他基地成員見面。

https://i.imgur.com/Kt758a6.jpg

https://i.imgur.com/gAcCoEi.jpg

https://i.imgur.com/uO9iEae.jpg
▲蜘蛛人在倫敦決戰的畫面。


https://i.imgur.com/FAXPieR.jpg
▲神秘客與元素眾戰鬥概念圖。


https://i.imgur.com/TkX5kWE.jpg

https://i.imgur.com/tuG70Hn.jpg
▲火元素襲擊與被擊敗。




整理自：IG、https://reurl.cc/AEMGp

--
※ 發信站: 批踢踢實業坊(ptt.cc), 來自: 101.9.180.155 (臺灣)
※ 文章網址: https://www.ptt.cc/bbs/movie/M.1566364257.A.BF9.html
※ 編輯: CYKONGG (101.9.180.155 臺灣), 08/21/2019 21:10:04
"
look1225 (oh),movie,[討論] 索尼自己拍蜘蛛人肯定票房不會高,Wed Aug 21 13:15:54 2019,-3,"
蜘蛛人的劇情
怎麼想都已經枯燥乏味了 還要發一些反派梗嗎＝＝？
當初那三部曲有多爛大家都知道

難道要做一些 地風水火毒之類的敵人 現在拍成這樣也沒人要看了拉
現在蜘蛛人就是受到鋼鐵人的光  那個互動讓影迷很深刻才會著迷 還有漫威龐大的背景

而且英雄片迪士尼獨家當道ＤＣ都拍不起來了
sony還能怎麼樣？
可以看得出ＳＯＮＹ見獵心喜品牌風頭從新回來了 又想自己貪幾口

日本人很小心眼的＝＝

--
  我巢吹了...    ╱▇▇╲            ◢加  ◣ 小姐 ~ 小姐 ~ 你怎麼了？
                │▁▁▁│           ▄◢ ▅
                │█▽█│           ◆◣▃ ◤
│╳╳╳│     ╱◣ ◢╲       ◣◣◥|\\  ◣
╲╳╳╱     │     │     ◣ ◣|\\◤   by francistiger

--
※ 發信站: 批踢踢實業坊(ptt.cc), 來自: 114.137.194.117 (臺灣)
※ 文章網址: https://www.ptt.cc/bbs/movie/M.1566364558.A.B55.html
※ 編輯: look1225 (114.137.194.117 臺灣), 08/21/2019 13:19:33
爛透了 嘔嘔嘔嘔嘔
※ 編輯: look1225 (114.137.194.117 臺灣), 08/21/2019 13:24:36
"
Sischill (Believe or not),movie,[討論] 蜘蛛人跟MCU沒人覺得各作各的比較好嘛?,Wed Aug 21 13:25:03 2019,6,"
現在大家在談蜘蛛人怎樣 誰需要誰 我覺得蠻奇怪的

小蜘蛛在自己的漫畫很紅 自己做就可以獨當一面

而在復仇者聯盟出現的大事件之中小蜘蛛幾乎沒啥出場空間(漫畫裡內戰還被婊死)

以MCU現在的戰力規模跟之後預計 只會越加越大 小蜘蛛進復聯電影也只是跑龍套

下一階段如果復仇者要挑新BOSS也是無限手套相同水準的多元宇宙

以反派來說

多瑪暮(黑暗位面最強)

吞星(雖然他是戰力單位但光他手下銀色衝鋒手就能打爆沒無限手套的薩諾斯)

梅菲斯特(最強惡魔)

神符

天神族

還有很多預備軍都是無限手套薩諾斯同級 甚至更強


而小蜘蛛的戰力並不像其他漫威英雄有很大幅度提昇

像浩克可能還會因為什麼事件變成

如果未來把X-MEN組跟F4加進來 甚至GR/哨兵   那小蜘蛛重要性就更低了



這樣來看SONY收回小蜘蛛拍自己的 還能跟VENOM連動(雙人打carnage之類)

MCU也自己搞自己的下一階段

反而是比較好的事吧?


頂多只是不能一些小蜘蛛裡有財有權腦子又很強的帶進來MCU(如綠惡魔 八爪)

不過反正本來漫威裡就有很多錢/頭腦/能力都很強的反派

(莫名其妙被魔改的滿大人 F4的dr.doom)

所以我蠻支持分家的 這樣也不用看蜘蛛人硬要接什麼鋼鐵人的位置搞的不三不四

而且蜘蛛人在MCU這裡等於永遠不能跟VENOM互打/互相支援

反倒回SONY那裡還比較好.... 而MCU這裡也能把戰力再通膨上去...

--
※ 發信站: 批踢踢實業坊(ptt.cc), 來自: 1.160.1.144 (臺灣)
※ 文章網址: https://www.ptt.cc/bbs/movie/M.1566365105.A.334.html
"
Superman007 (),movie,[預知雷] 蜘蛛人未來劇情大破解！,Wed Aug 21 13:25:16 2019,-1,"
先講產業部分

漫威（迪士尼）跟索尼購買蜘蛛人部分版權

讓索尼跟漫威（迪士尼）共享蜘蛛人版權

造成索尼可以拍蜘蛛人的加菲（驚奇系列）

漫威繼續拍蜘蛛人的荷蘭弟（日系列）



對於索尼來說好處是什麼？

就是貫徹新宇宙的多元蜘蛛






以下有雷，請斟酌觀看







按照目前進度未來四年應該是不會有荷蘭弟蜘蛛人系列，預估至少五年左右，含第四階段
跟拍攝宣傳到正式上映。

在這期間索尼可以先拍一部加菲的驚奇系列第三集，把之前的梗都用上，讓觀眾比較能快
速帶入，然後在片尾埋下彩蛋，可以跟新宇宙結合，證實真人版也會有多元宇宙的產生。

預估三年內出

然後四到五年後漫威推出荷蘭弟蜘蛛人第三集

內容接續五年前的第二集蜘蛛人在最後被公布身份的時候所造成的一連串風波，在所有敵
人都知道蜘蛛人的真面目後，一起圍攻，如同PS4蜘蛛人被圍攻的樣子，在最緊要的關頭
時，就在大家面前蜘蛛人要被揭開真面目示人時，這時候有一個背影走出來，沒錯，就是
加菲蜘蛛人，讓大家一陣驚呼，等等，蜘蛛人...有兩個！？瞬間破解神秘法師的計謀，
然後...等等，後面又多出好幾個蜘蛛人，就是新宇宙的蜘蛛人們都出現了，彼得帕克 ..
. 是誰？有好多個彼得帕克啊！

然後最後大家一起打敗敵人，加菲跟荷蘭弟也變成好朋友，至於這個要如何穿梭空間，可
能就要看量子力學的皮姆跟浩克去想辦法了。

也因為多元宇宙的產生，新鋼鐵人，新美國隊長，新快銀，新黑寡婦都可以依依現身，再
度集結於漫威的殿堂。


這豈不美哉？

如有暴雷使劇情相同純屬巧合，希望2024年的各位不會回來罵這篇太準了，以上！

--
※ 發信站: 批踢踢實業坊(ptt.cc), 來自: 223.137.132.155 (臺灣)
※ 文章網址: https://www.ptt.cc/bbs/movie/M.1566365118.A.C79.html
"
BleedWang (),movie,Re: [討論] 索尼自己拍蜘蛛人肯定票房不會高,Wed Aug 21 13:30:14 2019,-4,"
如果索尼真要這麼白目 硬收回來的話

接下來自己拍的作品 不只票房不會高

而且一定被觀眾抵制到死

變成下一個驚奇四超人或黑鳳凰

這個機率非常高

你想想看 如果你開一家餐廳

上餐點給客人 客人剛開始吃 反應很好

結果你這家餐廳沒讓客人吃完

就把客人轟出去鎖上大門

這家餐廳的下場會是什麼？？

我是認為這是在炒新聞

索尼的高層沒那麼白癡啦



-----
Sent from JPTT on my OPPO CPH1707.

--
※ 發信站: 批踢踢實業坊(ptt.cc), 來自: 110.50.139.61 (臺灣)
※ 文章網址: https://www.ptt.cc/bbs/movie/M.1566365416.A.331.html
"
alznn (宮本),movie,[贈票] ,Wed Aug 21 13:37:20 2019,1,"

轉贈桃園電影節 殺手寓言的票2 張，
08/23   21：00 SBC 星喬國際影城 2 廳

因家裡臨時有去去不了，故贈出，

同步張貼於中壢版，

擔心來信眾多，先站內先贏，恕不一一回覆~

-----
Sent from JPTT on my HMD Global Nokia 6.1 Plus.

--
※ 發信站: 批踢踢實業坊(ptt.cc), 來自: 114.136.171.164 (臺灣)
※ 文章網址: https://www.ptt.cc/bbs/movie/M.1566365844.A.297.html
"
t13thbc (the 13th black cat),movie,[討論] 局外人看索尼和迪士尼關於蜘蛛人的談判,Wed Aug 21 13:38:54 2019,13,"
早上因為這個消息 電影板和C洽板都炸開了
明明只是媒體的爆料 也沒正式新聞稿 就引發一連串討論了
而目前也只有索尼的官方聲明

索尼官方聲明傳送門
 #1TNCS3ES (movie)
https://www.ptt.cc/bbs/movie/M.1566361347.A.39C.html


看起來也只是說 因為迪士尼不讓凱文費吉再接下來的蜘蛛人電影擔任製作人
索尼覺得失望

是不是不繼續合作 也講的很曖昧 一切都沒說死就還有其他可能



但我最看不慣的是 說索尼或迪士尼貪婪 說兩邊會虧死 說漫威接下來的第四階段會炸掉
說蜘蛛人又要被玩爛



怎麼消息還沒說死 就冒出很多精算師幫忙計算損益 或是很多預言家 斷言誰會爆死




誰虧不虧損 明明就很難說
而且這些大公司 難道會如板眾所想如此短視?
或著該說如果真的預測會虧損 真的會放棄這合作計畫 而不繼續重啟談判?


至於第四階段 或是索尼自己的規劃 哪邊會爆死還真的難說


畢竟 漫威被看衰很多次了 從GOTG就預測漫威即將走下坡 說大家膩了疲軟了
GOTG沒幾個角色是大眾認識的 結果電影上映以後 該說現在漫威隨便端個什麼東西
出來都大賣

第四階段又一堆人看衰了 我不想當預言家 我只等上映了再說




至於索尼會不會搞爛蜘蛛人 天曉得 現在猛毒成功得打出自己的一片天
再讓蜘蛛人跟猛毒合作 搞聯動也不是不行


有太多可能性了 怎麼會少哪邊哪邊就倒或是虧損




至於貪婪 吃相難看 哪家公司談合約不是以己方利益最大化為前提去談的?
談得攏就合作 談不攏就再談 再不行就別合作 商業之間的動作不就如此

真的不合作了 有什麼損失也是各自要承擔的
真的損失承擔不了 再談合作也不是不可能 不是嗎



--
※ 發信站: 批踢踢實業坊(ptt.cc), 來自: 123.194.21.146 (臺灣)
※ 文章網址: https://www.ptt.cc/bbs/movie/M.1566365937.A.C4D.html
"
EthanWake (Ash),movie,Re: [討論]我知道怎麼幫漫威解套了!,Wed Aug 21 13:39:42 2019,-3,"
※ 引述《area41gold (area41gold在炫耀？哥單s)》之銘言：
: 剛好想到
: 漫威跟sony如此這般分裂
: 此時蜘蛛人處於很尷尬的局面
: 不如讓劇情就是蜘蛛人進化怎樣
: 變成某某人
: 這樣可以創造新英雄或是如何
: 讓蜘蛛人正式退場
: 如何
: -----
: Sent from JPTT on my Samsung SM-N960F.

好險離家日漫威留了一手

讓新戰衣用新名字出道

以後就是Night Monkey的時代了

--
※ 發信站: 批踢踢實業坊(ptt.cc), 來自: 114.44.192.55 (臺灣)
※ 文章網址: https://www.ptt.cc/bbs/movie/M.1566365984.A.02F.html
"
carol801223 (介介),movie,[討論] 適合國中生的親情喜劇片,Wed Aug 21 13:43:59 2019,19,"





最近上課想讓學生輕鬆一下(學生年齡層在國二)
因此想選部電影讓他們看

目前是想讓他們看一些有親情喜劇相關的片
例如 命運好好玩 之類的
(沒選這部的原因是因為我看很多次了，而且我每看必哭 哈哈哈)

請求大大們推薦類似的電影><







-----
Sent from JPTT on my Samsung SM-N950F.

--
※ 發信站: 批踢踢實業坊(ptt.cc), 來自: 49.214.209.183 (臺灣)
※ 文章網址: https://www.ptt.cc/bbs/movie/M.1566366245.A.AB5.html
謝謝各位推薦我這些好片^^
※ 編輯: carol801223 (49.214.209.183 臺灣), 08/21/2019 17:18:15
"
awhat (La Mer),movie,[討論] 蜘蛛人跟迪士尼分手後下一部片名該叫什麼,Wed Aug 21 13:53:22 2019,41,"
如果最後消息屬實

蜘蛛人離開MCU

下一部片名該怎麼取好呢?

第一部叫Spiderman-Homecumming

第二部叫Spiderman-Far from home

第三部沒有MCU的家了，該怎麼取最貼切呢??

Spiderman-Homeless?????


其實新宇宙拍得很好

如果第三部把Miles Morales融入，我一定十刷

--
※ 發信站: 批踢踢實業坊(ptt.cc), 來自: 61.216.78.139 (臺灣)
※ 文章網址: https://www.ptt.cc/bbs/movie/M.1566366805.A.81A.html
"
CYKONGG (CYKONGG),movie,[新聞] 索尼聲明：對迪士尼決策失望並感謝費吉,Wed Aug 21 14:02:23 2019,70,"
索尼聲明證實《蜘蛛人3》與漫威無關！首曝「分家原因」：我們很失望


https://i.imgur.com/NuvFARi.jpg

〔 前情：根據外媒《Deadline》報導，迪士尼、索尼談判破局的原因，一切都跟錢有關
。迪士尼要求未來《蜘蛛人》電影票房為兩方50、50分潤，甚至可能延伸到「蜘蛛人」湯
姆霍蘭德出現在其他「索尼漫威宇宙」（註：《猛毒》、《莫比亞斯》等片）電影當中也
要考慮分潤，當然是遭到索尼拒絕。〕

而索尼隨後發表聲明是迪士尼的決策：


蜘蛛人（Spider-Man）驚爆退出漫威電影宇宙（MCU），震驚各界。消息爆發6小時之後，
索尼影業發出聲明證實：「我們很失望，尊重迪士尼的決定，漫威總裁凱文費吉將不再擔
任下一部《蜘蛛人》電影的製作人。」


索尼影業透過權威媒體《好萊塢報導》發布聲明：「今天關於『蜘蛛人』的新聞，很多關
於凱文費吉參與製作的錯誤描述」、「我們很失望，但尊重迪士尼的決定，漫威總裁凱文
費吉將不再擔任下一部《蜘蛛人》電影的製作人。」

聲明中，索尼影業指出迪士尼收購福斯之後，擁有原來福斯握有的《X戰警》、《驚奇4超
人》等角色，凱文費吉工作量暴增，「明白他現在有太多新的職責，不太有時間去經營不
在他們手中的版權。凱文非常棒，我們很感謝他的幫助與指導，謝謝他帶領《蜘蛛人》走
向正軌，我們將繼續前進。」


事實上，「蜘蛛人」湯姆霍蘭德在2016年《美國隊長3：英雄內戰》加入漫威電影宇宙之
後，推出兩部個人電影，《蜘蛛人：返校日》全球票房8.8億美金，而《蜘蛛人：離家日
》至今全球票房11.09億美金，不僅是《蜘蛛人》影史最賣座電影，更是索尼影業影史最
賣座電影。


https://star.ettoday.net/news/1517853


不過《Variety》指出雙方目前僅是談判陷入僵持，聲明中也是指「下一部」蜘蛛人電影
，而《IGN》則是認為兩方目前仍在談判中，未來仍有可能改變。


--
※ 發信站: 批踢踢實業坊(ptt.cc), 來自: 101.9.180.155 (臺灣)
※ 文章網址: https://www.ptt.cc/bbs/movie/M.1566367345.A.C21.html
※ 編輯: CYKONGG (101.9.180.155 臺灣), 08/21/2019 14:12:18
"
jeanvanjohn (尚市長),movie,Re: [閒聊] 關於押井守,Wed Aug 21 14:05:13 2019,2,"
※ 引述《nanachi (上善若水)》之銘言：
: ※ [本文轉錄自 C_Chat 看板 #1TLdGQ8Q ]
: 作者: nanachi (上善若水) 看板: C_Chat
: 標題: [閒聊] 關於押井守
: 時間: Fri Aug 16 17:15:04 2019
: 前一陣子看了攻殼機動隊1995年版，這部在
: 劇情、作畫、內涵等都可以說是日本動畫史
: 中的經典，但其票房表現並不佳，而押井守
: 許多的大螢幕作品，也往往是如此，是因為
: 其表現手法，要在商業上成功不易嗎？還是
: 這類題材本來就小眾的緣故？

不要再提押井守了，這個人噁心到了極點...


之前講過這個故事:

1980年代的時候，一群動畫工作者--結城正美、伊藤和典、高田明美、出淵裕等人，
合力創辦了Headgear工作室，也創出了代表性的作品""機動警察""；

之後押井守導演了劇場版，就把整個機動警察的IP占為己有，
把Headgear其他人的功勞全部抹煞，好像這是他一個人的作品...


如果事情只到此為止那還好，問題是後面還有更噁心的:

押井守趕走Headgear的成員、獨占機動警察之後，
他搞了一個""新特車二課""，裡面的成員都故意把名字取得很像舊成員!

比方說原來的主角叫做""泉 野明""(Izumi Noa)，
押井守就故意設了一個新主角，名字叫做""泉野 明""(Izmumino Akira)；
然後大家都喜歡的課長，國家的番犬後藤喜一，
他就故意設了一個新課長叫""後藤田""......


到最後，Headgear的""前""成員全都受不了押井守這種惡劣行徑，
於是集體投靠庵野秀明，開始重拍""原汁原味的機動警察""(連川井憲次都跳槽過去了):

https://www.patlabor-reboot.jp/

(當然高田明美沒過去，不過那是因為她和伊藤分手的緣故)


把別人的功勞占為己有，然後再恣意妄為惡搞，
押井守不過就是動畫界裡的郭公罷了。


--
※ 發信站: 批踢踢實業坊(ptt.cc), 來自: 111.184.32.12 (臺灣)
※ 文章網址: https://www.ptt.cc/bbs/movie/M.1566367516.A.6D1.html

https://tinyurl.com/y2ukq4e5

有啊，看這本他自己寫的特車二課原始劇本(在真人版上檔之前寫成)就知道了.

※ 編輯: jeanvanjohn (111.184.32.12 臺灣), 08/21/2019 16:24:04
"
justice00s (The Black Swordsman),movie,[討論] 索尼直接在續集殺掉霍蘭蜘蛛人會怎樣?,Wed Aug 21 14:08:42 2019,10,"
如題


霍蘭蜘蛛人的故事七八成都跟鋼鐵人有關

現在迪士尼跟索尼決裂

索尼如果覺得處理故事麻煩

直接學新宇宙

在續集開場直接讓霍蘭蜘蛛人被反派凌虐致死

讓一個黑人接班


粉絲會接受嗎?

--
※ 發信站: 批踢踢實業坊(ptt.cc), 來自: 58.158.213.18 (日本)
※ 文章網址: https://www.ptt.cc/bbs/movie/M.1566367725.A.615.html
"
area41gold (area41gold在炫耀？哥單s),movie,[討論]DC應該開始介入爭取蜘蛛人如何?,Wed Aug 21 14:08:48 2019,-2,"

剛好想到

DC看到這情況

應該開始愜意偷笑

此時DC應該爭取蜘蛛人版權

成為第一個跨越DC 漫威的腳色

如何?

-----
Sent from JPTT on my Samsung SM-N960F.

--
※ 發信站: 批踢踢實業坊(ptt.cc), 來自: 223.136.253.46 (臺灣)
※ 文章網址: https://www.ptt.cc/bbs/movie/M.1566367730.A.AA5.html
"
shen0348 (臺中阿湯哥),movie,[討論] 好小男孩 首支預告,Wed Aug 21 14:11:05 2019,5,"
https://youtu.be/D0I4ul3270w

今年才十二歲大的小六生麥斯（雅各特倫布雷 飾）第一次受邀參加喇舌趴，結果被嚇到
差點剉賽，因為他根本就不會喇舌，更別說親吻女生了。

為了偷學步，麥斯和他的兩個好麻吉索爾（布萊迪努恩 飾）和盧卡斯（基斯威廉斯 飾）
就決定偷用麥斯老爸不准他碰的無人機，偷拍住在他家隔壁，正在喇舌的一對青少年情侶
。

但是當事情出了天大的差錯，麥斯老爸的寶貝無人機全毀之後，這三個小六生為了趕在麥
斯老爸回家之前找到一個替代品，於是就決定翹課，從此展開一場驚險刺激的冒險之旅。
他們做出一些糟糕的決定，害他們不小心偷走一些毒品、跟一群兄弟會大學生玩漆彈遊戲
，並且急著逃離警察杯杯和兩個可怕的青少女（莫莉戈登和蜜朵莉法蘭西斯分別飾演）的
追逐。

《好小男孩》一片由環球影業暨Good Universe電影公司出品，製片包括Point Grey Pict
ures的塞斯羅根和伊凡戈博，以及詹姆斯威佛（《惡鄰纏身》系列電影），劇本來自李艾
森柏格與吉恩斯普尼斯基，李艾森柏格也是其中一名製片，吉恩斯普尼斯基則是這部電影
的導演。

--
※ 發信站: 批踢踢實業坊(ptt.cc), 來自: 49.216.172.165 (臺灣)
※ 文章網址: https://www.ptt.cc/bbs/movie/M.1566367867.A.DD8.html
※ 編輯: shen0348 (49.216.172.165 臺灣), 08/21/2019 14:11:36
"
