綜合評分,日文店名,英文店名,Blog
4.79,日本橋蛎殻町 すぎた,Sugita,https://tabelog.com/tw/tokyo/A1302/A130204/13018162/
4.76,松川,Matsukawa,https://tabelog.com/tw/tokyo/A1307/A130701/13124391/
4.75,銀座 しのはら,Shinohara,https://tabelog.com/tw/tokyo/A1301/A130101/13200949/
4.73,エクアトゥール,Restaurant l'equateur,https://tabelog.com/tw/tokyo/A1307/A130702/13121866/
4.70,SUGALABO,SUGALABO,https://tabelog.com/tw/tokyo/A1307/A130704/13182678/
4.69,鮨 さいとう,Saito,https://tabelog.com/tw/tokyo/A1308/A130802/13015251/
4.68,京味,Kyoaji,https://tabelog.com/tw/tokyo/A1301/A130103/13002887/
4.67,フルタ,Furuta,https://tabelog.com/tw/tokyo/A1313/A131301/13176780/
4.67,ペレグリーノ,PELLEGRINO,https://tabelog.com/tw/tokyo/A1303/A130302/13072775/
4.66,CHIUnE,CHIUnE,https://tabelog.com/tw/tokyo/A1301/A130101/13203796/
4.65,カンテサンス,Quintessence,https://tabelog.com/tw/tokyo/A1314/A131405/13159567/
4.63,鮨 なんば 日比谷,Sushinamba,https://tabelog.com/tw/tokyo/A1301/A130102/13219857/
4.62,ete,été,https://tabelog.com/tw/tokyo/A1303/A130301/13185038/
4.61,レフェルヴェソンス,L'Effervescence,https://tabelog.com/tw/tokyo/A1306/A130602/13116356/
4.61,長谷川 稔,Hasegawaminoru,https://tabelog.com/tw/tokyo/A1307/A130703/13220575/
4.60,鮨 はしぐち,Hashiguchi,https://tabelog.com/tw/tokyo/A1308/A130801/13134517/
4.59,初音鮨,Hatsunezushi,https://tabelog.com/tw/tokyo/A1315/A131503/13017742/
4.59,東麻布 天本,Amamoto,https://tabelog.com/tw/tokyo/A1314/A131401/13196420/
4.58,ボニュ,Bon.nu,https://tabelog.com/tw/tokyo/A1304/A130401/13184186/
4.58,たきや,Takiya,https://tabelog.com/tw/tokyo/A1307/A130702/13185763/
4.57,井雪,Iyuki,https://tabelog.com/tw/tokyo/A1301/A130101/13030881/
4.56,鳥しき,Torishiki,https://tabelog.com/tw/tokyo/A1316/A131601/13041029/
4.56,鮨 あらい,Arai,https://tabelog.com/tw/tokyo/A1301/A130101/13188186/
4.56,新ばし 星野,Hoshino,https://tabelog.com/tw/tokyo/A1314/A131401/13136847/
4.55,かぶと,Kabuto,https://tabelog.com/tw/tokyo/A1305/A130501/13016660/
4.54,三谷,Mitani,https://tabelog.com/tw/tokyo/A1309/A130902/13042204/
4.54,鮨 尚充,Takamitsu,https://tabelog.com/tw/tokyo/A1317/A131701/13128483/
4.54,御料理 宮坂,Miyasaka,https://tabelog.com/tw/tokyo/A1306/A130602/13184986/
4.52,ロオジエ,L'OSIER,https://tabelog.com/tw/tokyo/A1301/A130101/13002607/
4.52,茶禅華,Sazenka,https://tabelog.com/tw/tokyo/A1307/A130703/13205298/
4.52,と村,Tomura,https://tabelog.com/tw/tokyo/A1308/A130802/13005027/
4.51,すし 喜邑,Kimura,https://tabelog.com/tw/tokyo/A1317/A131708/13026584/
4.51,趙楊,Choyo,https://tabelog.com/tw/tokyo/A1301/A130103/13172920/
4.51,くすのき,Kusunoki,https://tabelog.com/tw/tokyo/A1309/A130902/13223239/
4.50,まき村,Makimura,https://tabelog.com/tw/tokyo/A1315/A131502/13003338/
4.49,ガストロノミー ジョエル・ロブション,Joel Robuchon,https://tabelog.com/tw/tokyo/A1303/A130302/13009310/
4.49,日本料理 晴山,SEIZAN,https://tabelog.com/tw/tokyo/A1314/A131402/13127807/
4.49,味満ん,Ajiman,https://tabelog.com/tw/tokyo/A1307/A130701/13001332/
4.48,エスキス,ESqUISSE,https://tabelog.com/tw/tokyo/A1301/A130101/13142530/
4.48,虎白,Kohaku,https://tabelog.com/tw/tokyo/A1309/A130905/13049130/
4.47,TACUBO,TACUBO,https://tabelog.com/tw/tokyo/A1303/A130303/13109940/
4.47,さわ田,Sawada,https://tabelog.com/tw/tokyo/A1301/A130101/13001043/
4.47,紀茂登,Kimoto,https://tabelog.com/tw/tokyo/A1309/A130905/13226856/
4.46,すし匠,Sushi Sho,https://tabelog.com/tw/tokyo/A1309/A130902/13000852/
4.46,鮨 なんば 阿佐ヶ谷,Namba,https://tabelog.com/tw/tokyo/A1319/A131905/13127515/
4.45,豪龍久保,Goryukubo,https://tabelog.com/tw/tokyo/A1306/A130602/13156859/
4.44,炭焼 金竜山,Kinryusan,https://tabelog.com/tw/tokyo/A1316/A131602/13001625/
4.44,赤坂 詠月,Eigetsu,https://tabelog.com/tw/tokyo/A1308/A130801/13116523/
4.43,神楽坂 石かわ,Ishikawa,https://tabelog.com/tw/tokyo/A1309/A130905/13004079/
4.43,活鰻の店 つぐみ庵,Tsugumian,https://tabelog.com/tw/tokyo/A1323/A132301/13080463/
4.41,虎峰,Koho,https://tabelog.com/tw/tokyo/A1307/A130701/13194122/
4.41,鷹匠壽,Takajo Kotobuki,https://tabelog.com/tw/tokyo/A1311/A131102/13003661/
4.41,TSU・SHI・MI,TSU・SHI・MI,https://tabelog.com/tw/tokyo/A1318/A131801/13121317/
4.40,ラチュレ,LATURE,https://tabelog.com/tw/tokyo/A1303/A130301/13198692/
4.40,きよ田,Kiyota,https://tabelog.com/tw/tokyo/A1301/A130101/13070238/
4.39,SATOブリアン にごう,SATO Buriand,https://tabelog.com/tw/tokyo/A1319/A131905/13159782/
4.39,樋口,Higuchi,https://tabelog.com/tw/tokyo/A1306/A130601/13001215/
4.39,肉割烹 上,Nikukappoujou,https://tabelog.com/tw/tokyo/A1307/A130701/13209614/
4.39,青空,Harutaka,https://tabelog.com/tw/tokyo/A1301/A130103/13032283/
4.38,麻布 幸村,Yukimura,https://tabelog.com/tw/tokyo/A1307/A130702/13005316/
4.38,くろぎ,Kurogi,https://tabelog.com/tw/tokyo/A1314/A131401/13094789/
4.38,山﨑,Yamasaki,https://tabelog.com/tw/tokyo/A1307/A130701/13225691/
4.38,ウェスタ,Vesta,https://tabelog.com/tw/tokyo/A1302/A130202/13185496/
4.37,海味,Umi,https://tabelog.com/tw/tokyo/A1306/A130603/13001179/
4.37,鮨 はしもと,Hashimoto,https://tabelog.com/tw/tokyo/A1313/A131301/13176638/
4.37,味享,Mitaka,https://tabelog.com/tw/tokyo/A1301/A130103/13228116/
4.36,麻布十番 ふくだ,Fukuda,https://tabelog.com/tw/tokyo/A1307/A130702/13174951/
4.35,アピシウス,APICIUS,https://tabelog.com/tw/tokyo/A1301/A130102/13000145/
4.35,NARISAWA,NARISAWA,https://tabelog.com/tw/tokyo/A1306/A130603/13005423/
4.32,傳,den,https://tabelog.com/tw/tokyo/A1306/A130603/13046855/
4.31,鮨 とかみ,Tokami,https://tabelog.com/tw/tokyo/A1301/A130103/13155234/
4.31,レストラン ラ フィネス,Restaurant La FinS,https://tabelog.com/tw/tokyo/A1301/A130103/13139171/
4.30,SATOブリアン,SATO Buriand,https://tabelog.com/tw/tokyo/A1319/A131905/13127046/
4.30,すし匠 齋藤,Sushi Sho Saito,https://tabelog.com/tw/tokyo/A1308/A130801/13023988/
4.30,K+,NISHIAZABU K+,https://tabelog.com/tw/tokyo/A1307/A130703/13213748/
4.30,AZUR et MASA UEKI,AZUR et MASA UEKI,https://tabelog.com/tw/tokyo/A1307/A130701/13206559/
4.30,鮓 ふじなが,Sushifujinaga,https://tabelog.com/tw/tokyo/A1307/A130702/13209440/
4.29,てんぷら 深町,Fukamachi,https://tabelog.com/tw/tokyo/A1302/A130202/13004105/
4.29,赤坂 らいもん,Akasakaraimon,https://tabelog.com/tw/tokyo/A1308/A130801/13224635/
4.28,鳥さわ22,Torisawa,https://tabelog.com/tw/tokyo/A1307/A130703/13222625/
4.28,中華たかせ,CYUKA TAKASE,https://tabelog.com/tw/tokyo/A1301/A130101/13199649/
4.27,日本料理 太月,Tagetsu,https://tabelog.com/tw/tokyo/A1306/A130602/13160021/
4.27,ひろ作,Hirosaku,https://tabelog.com/tw/tokyo/A1301/A130103/13015266/
4.27,鮨 いまむら,Imamura,https://tabelog.com/tw/tokyo/A1316/A131602/13096905/
4.27,紀尾井町 三谷,Kioicho Mitani,https://tabelog.com/tw/tokyo/A1308/A130801/13198197/
4.27,鮨 鈴木,sushisuzuki,https://tabelog.com/tw/tokyo/A1301/A130101/13184367/
4.26,うなぎ 魚政,Uomasa,https://tabelog.com/tw/tokyo/A1324/A132403/13035339/
4.26,鮨 たかはし,Sushi Takahashi,https://tabelog.com/tw/tokyo/A1301/A130101/13165933/
4.26,いち太,Ichita,https://tabelog.com/tw/tokyo/A1306/A130603/13176396/
4.25,ナベノ-イズム,Nabeno-Ism,https://tabelog.com/tw/tokyo/A1311/A131102/13194700/
4.25,はっこく,Hakkoku,https://tabelog.com/tw/tokyo/A1301/A130101/13217157/
4.25,かわむら,Kawamura,https://tabelog.com/tw/tokyo/A1301/A130101/13016506/
4.25,USHIGORO S. GINZA,USHIGORO S,https://tabelog.com/tw/tokyo/A1301/A130101/13222093/
4.24,スタミナ苑,Sutaminaen,https://tabelog.com/tw/tokyo/A1323/A132305/13003777/
4.24,鮨 ます田,Masuda,https://tabelog.com/tw/tokyo/A1306/A130602/13164883/
4.24,グルマンディーズ,Gourmandise,https://tabelog.com/tw/tokyo/A1307/A130701/13190448/
4.24,神戸牛炉釜ステーキ GINZA KOKO炉,koubegyuurokamasute-kiginzakokoro,https://tabelog.com/tw/tokyo/A1301/A130101/13224979/
4.23,コート ドール,COTE D'OR,https://tabelog.com/tw/tokyo/A1316/A131602/13001681/
4.23,神戸牛炉釜炭焼ステーキ IDEA 銀座,IDEA,https://tabelog.com/tw/tokyo/A1301/A130101/13161192/
4.22,USHIGORO S. NISHIAZABU,USHIGORO S.,https://tabelog.com/tw/tokyo/A1307/A130701/13209611/
4.22,串揚げはやし,Hayashi,https://tabelog.com/tw/tokyo/A1309/A130905/13129802/
4.21,シェ・イノ,Chez Inno,https://tabelog.com/tw/tokyo/A1302/A130202/13000510/
4.21,新ばし しみづ,Shimizu,https://tabelog.com/tw/tokyo/A1301/A130103/13002892/
4.21,ラ ペ,La paix,https://tabelog.com/tw/tokyo/A1302/A130202/13173559/
4.21,天ぷら 元吉,Motoyoshi,https://tabelog.com/tw/tokyo/A1306/A130603/13035758/
4.21,器楽亭,Kirakutei,https://tabelog.com/tw/tokyo/A1318/A131806/13050819/
4.21,はらまさ,Haramasa,https://tabelog.com/tw/tokyo/A1309/A130903/13151542/
4.20,レ セゾン,Les Saisons,https://tabelog.com/tw/tokyo/A1301/A130102/13002294/
4.20,焼鳥　おみ乃,Omino,https://tabelog.com/tw/tokyo/A1312/A131203/13206654/
4.20,喰善 あべ,Shokuzen Abe,https://tabelog.com/tw/tokyo/A1301/A130101/13162190/
4.20,天ぷら 蕎楽亭,Kyorakutei,https://tabelog.com/tw/tokyo/A1309/A130903/13171952/
4.19,レストラン リューズ,RESTAURANT Ryuzu,https://tabelog.com/tw/tokyo/A1307/A130701/13122126/
4.19,蕃 YORONIKU,EBISU YORONIKU,https://tabelog.com/tw/tokyo/A1303/A130302/13211927/
4.19,ふぐ 福治,Fukuji,https://tabelog.com/tw/tokyo/A1301/A130101/13004009/
4.18,すきやばし 次郎,Sukiyabashi Jiro,https://tabelog.com/tw/tokyo/A1301/A130101/13002260/
4.18,おにく 花柳,Oniku Karyu,https://tabelog.com/tw/tokyo/A1302/A130204/13028856/
4.18,くろ﨑,Kurosaki,https://tabelog.com/tw/tokyo/A1303/A130301/13178821/
4.17,オマージュ,HOMMAGE,https://tabelog.com/tw/tokyo/A1311/A131102/13008700/
4.17,鮨 竜介,Ryusuke,https://tabelog.com/tw/tokyo/A1301/A130101/13185503/
4.17,新ばし 笹田,Sasada,https://tabelog.com/tw/tokyo/A1301/A130103/13020781/
4.17,味ひろ,Ajihiro,https://tabelog.com/tw/tokyo/A1313/A131301/13200027/
4.16,炭火焼 ゆうじ,sumibiyakiyuuji,https://tabelog.com/tw/tokyo/A1303/A130301/13001794/
4.16,中華そば しば田,chuukasobashibata,https://tabelog.com/tw/tokyo/A1326/A132601/13162681/
4.16,北島亭,Kitajimatei,https://tabelog.com/tw/tokyo/A1309/A130902/13000945/
4.16,Ata,Ata,https://tabelog.com/tw/tokyo/A1303/A130303/13150975/
4.16,焼肉 ジャンボ はなれ,yakinikujambo,https://tabelog.com/tw/tokyo/A1310/A131004/13160962/
4.16,炭火焼肉 なかはら,Nakahara,https://tabelog.com/tw/tokyo/A1309/A130904/13175110/
4.16,アルシミスト,Les Alchimistes,https://tabelog.com/tw/tokyo/A1316/A131602/13128454/
4.16,L'Octave Hayato KOBAYASHI,L'Octave Hayato KOBAYASHI,https://tabelog.com/tw/tokyo/A1309/A130901/13186978/
4.15,鳥茂,Torishige,https://tabelog.com/tw/tokyo/A1304/A130401/13001067/
4.15,江戸前鮓 すし通,Sushi Tsu,https://tabelog.com/tw/tokyo/A1307/A130701/13061640/
4.15,リストランテ 濱崎,RISTORANTE HAMASAKI,https://tabelog.com/tw/tokyo/A1306/A130602/13005340/
4.15,レンゲ,Renge,https://tabelog.com/tw/tokyo/A1301/A130101/13183555/
4.14,銀座 小十,Kojyu,https://tabelog.com/tw/tokyo/A1301/A130101/13005683/
4.14,うを徳,Uwotoku,https://tabelog.com/tw/tokyo/A1312/A131203/13017947/
4.14,らんまる,Rammaru,https://tabelog.com/tw/tokyo/A1317/A131710/13217903/
4.14,ラ クレリエール,La Clairiere,https://tabelog.com/tw/tokyo/A1316/A131602/13194179/
4.14,サトブリDA,Satoburidhie,https://tabelog.com/tw/tokyo/A1319/A131905/13216529/
4.13,ふぐ 牧野,Makino,https://tabelog.com/tw/tokyo/A1311/A131101/13003708/
4.13,サンプリシテ,Sampurishite,https://tabelog.com/tw/tokyo/A1303/A130303/13216899/
4.13,THIERRY MARX salon,thieri-marukususaron,https://tabelog.com/tw/tokyo/A1301/A130101/13199524/
4.12,中国飯店 富麗華,FUREIKA,https://tabelog.com/tw/tokyo/A1307/A130702/13004967/
4.12,赤坂 菊乃井,Akasaka Kikunoi,https://tabelog.com/tw/tokyo/A1308/A130801/13002514/
4.12,la Brianza,La Brianza,https://tabelog.com/tw/tokyo/A1307/A130701/13194346/
4.12,ボッテガ,BOTTEGA,https://tabelog.com/tw/tokyo/A1307/A130703/13204358/
4.12,もりかわ,Morikawa,https://tabelog.com/tw/tokyo/A1308/A130801/13002772/
4.11,フロリレージュ,Florilège,https://tabelog.com/tw/tokyo/A1306/A130601/13093814/
4.11,匠 進吾,Takumi Shingo,https://tabelog.com/tw/tokyo/A1306/A130603/13155925/
4.11,私厨房 勇,Yung,https://tabelog.com/tw/tokyo/A1316/A131602/13168401/
4.11,すきやばし 次郎 六本木ヒルズ店,Sukiyabashi Jiro,https://tabelog.com/tw/tokyo/A1307/A130701/13004426/
4.11,4000 Chinese Restaurant,yonsenchaini-zuresutoran,https://tabelog.com/tw/tokyo/A1307/A130703/13229559/
4.10,イル テアトリーノ ダ サローネ,IL TEATRINO DA SALONE,https://tabelog.com/tw/tokyo/A1307/A130703/13110652/
4.10,茶寮 宮坂,Saryoumiyasaka,https://tabelog.com/tw/tokyo/A1307/A130701/13216329/
4.09,Homemade Ramen 麦苗,Homemade Ramen Muginae,https://tabelog.com/tw/tokyo/A1315/A131502/13194812/
4.09,とく山,Tokuyama,https://tabelog.com/tw/tokyo/A1307/A130703/13002088/
4.09,ARMONICO,ARMONICO,https://tabelog.com/tw/tokyo/A1303/A130303/13156479/
4.08,センス,SENSE,https://tabelog.com/tw/tokyo/A1302/A130202/13020361/
4.08,ラ・ボンヌターブル,LA BONNE TABLE,https://tabelog.com/tw/tokyo/A1302/A130202/13166325/
4.08,パティスリー リョーコ,PÂTISSERIE RYOCO,https://tabelog.com/tw/tokyo/A1316/A131603/13137010/
4.08,sincere,Sincere,https://tabelog.com/tw/tokyo/A1309/A130901/13194253/
4.08,スリオラ,ZURRIOLA,https://tabelog.com/tw/tokyo/A1301/A130101/13125046/
4.08,海鮮名菜　香宮,SHANGU,https://tabelog.com/tw/tokyo/A1307/A130701/13132399/
4.08,神楽坂　鉄板焼 中むら,Kakugazakateppanyakinakamura,https://tabelog.com/tw/tokyo/A1309/A130905/13134663/
4.07,トマト,Tomato,https://tabelog.com/tw/tokyo/A1319/A131906/13001113/
4.07,銀座 鮨 かねさか 本店,Ginza Sushi KANESAKA,https://tabelog.com/tw/tokyo/A1301/A130103/13005003/
4.07,レストラン クレッセント,RESTAURANT CRESCENT,https://tabelog.com/tw/tokyo/A1314/A131401/13001521/
4.07,鮨 由う,Yu,https://tabelog.com/tw/tokyo/A1307/A130701/13201640/
4.07,日本橋 蕎ノ字,nihombashisonoji,https://tabelog.com/tw/tokyo/A1302/A130204/13201969/
4.07,南青山 七鳥目,minamiaoyamananachoume,https://tabelog.com/tw/tokyo/A1307/A130703/13200559/
4.06,エール,Air,https://tabelog.com/tw/tokyo/A1301/A130101/13186624/
4.06,イル プレージョ,Il Pregio,https://tabelog.com/tw/tokyo/A1318/A131811/13147391/
4.06,プリズマ,PRISMA,https://tabelog.com/tw/tokyo/A1306/A130602/13123890/
4.06,多仁本,Tanimoto,https://tabelog.com/tw/tokyo/A1309/A130903/13207060/
4.05,みかわ 是山居,Mikawa Zezankyo,https://tabelog.com/tw/tokyo/A1313/A131303/13090866/
4.05,ル・マンジュ・トゥー,Le Mange-Tout,https://tabelog.com/tw/tokyo/A1309/A130905/13000469/
4.05,Ode,Ode,https://tabelog.com/tw/tokyo/A1307/A130703/13213368/
4.05,すし佐竹,Sushisatake,https://tabelog.com/tw/tokyo/A1313/A131301/13204429/
4.05,青華こばやし,Seikakobayashi,https://tabelog.com/tw/tokyo/A1309/A130903/13193077/
4.04,ジェラテリア アクオリーナ,GELATERIA ACQUOLINA,https://tabelog.com/tw/tokyo/A1317/A131701/13141364/
4.04,ヴィンチェロ,Vincero,https://tabelog.com/tw/tokyo/A1304/A130402/13004299/
4.04,ル・ジャルダン・デ・サヴール,Le jardin des saveurs,https://tabelog.com/tw/tokyo/A1301/A130101/13002341/
4.04,Crony,Crony,https://tabelog.com/tw/tokyo/A1307/A130701/13202768/
4.04,リストランテ ペガソ,RISTORANTE PEGASO,https://tabelog.com/tw/tokyo/A1307/A130703/13152248/
4.04,津の守坂 小柴,tsunokamizakakoshiba,https://tabelog.com/tw/tokyo/A1309/A130903/13200286/
4.04,銀座ふじやま,Ginzafujiyama,https://tabelog.com/tw/tokyo/A1301/A130101/13232735/
4.03,トゥールダルジャン 東京,TOUR D'ARGENT,https://tabelog.com/tw/tokyo/A1308/A130803/13000288/
4.03,すし処 宮葉,Miyaba,https://tabelog.com/tw/tokyo/A1314/A131401/13019499/
4.03,トロワフレーシュ,TROIS FLECHES,https://tabelog.com/tw/tokyo/A1301/A130103/13130978/
4.02,リストランテ ラ・バリック トウキョウ,Ristorante La Barrique Tokyo,https://tabelog.com/tw/tokyo/A1309/A130905/13044652/
4.02,レストラン アラジン,Restaurant ALADDIN,https://tabelog.com/tw/tokyo/A1307/A130703/13004454/
4.02,ミモザ,Mimosa,https://tabelog.com/tw/tokyo/A1306/A130602/13197047/
4.02,AMOUR,AMOUR,https://tabelog.com/tw/tokyo/A1303/A130302/13142028/
4.02,GINZA JOTAKI,GINZA JOTAKI,https://tabelog.com/tw/tokyo/A1301/A130101/13217960/
4.01,マダム・トキ,Madame Toki,https://tabelog.com/tw/tokyo/A1303/A130303/13001707/
4.01,銀座 レカン,L'ecrin,https://tabelog.com/tw/tokyo/A1301/A130101/13002444/
4.01,インカント,Incanto,https://tabelog.com/tw/tokyo/A1307/A130703/13043684/
4.01,すし家 一柳,Ichiyanagi,https://tabelog.com/tw/tokyo/A1301/A130101/13156961/
4.01,赤坂 きた福,Akasaka Kitafuku,https://tabelog.com/tw/tokyo/A1308/A130801/13149065/
4.00,ラトリエ ドゥ プレジール,L'atelier de Plaisir,https://tabelog.com/tw/tokyo/A1318/A131814/13050412/
4.00,スーツァン・レストラン陳 渋谷店,Sutsunresutoranchin,https://tabelog.com/tw/tokyo/A1303/A130301/13001909/
4.00,鳥さわ,Torisawa,https://tabelog.com/tw/tokyo/A1312/A131202/13135959/
4.00,サンルーカルバー,Sanlucar BAR,https://tabelog.com/tw/tokyo/A1309/A130905/13112228/
4.00,鳥長,Toricho,https://tabelog.com/tw/tokyo/A1321/A132102/13058892/
4.00,TexturA,TexturA,https://tabelog.com/tw/tokyo/A1301/A130102/13232958/
4.00,白金台こばやし,shirokanedaikobayashi,https://tabelog.com/tw/tokyo/A1303/A130302/13162454/
4.00,SECRETO,SECRETO,https://tabelog.com/tw/tokyo/A1309/A130905/13213559/
4.00,重よし,Shigeyoshi,https://tabelog.com/tw/tokyo/A1306/A130601/13001153/
3.99,焼肉 銀座コバウ,GINZA COBAU,https://tabelog.com/tw/tokyo/A1301/A130101/13005008/
3.99,高柿の鮨,Takagakinosushi,https://tabelog.com/tw/tokyo/A1302/A130204/13231297/
3.99,いちかわ,Ichikawa,https://tabelog.com/tw/tokyo/A1316/A131602/13210722/
3.99,野じま,Nojima,https://tabelog.com/tw/tokyo/A1301/A130101/13129640/
3.98,麺尊 RAGE,Mensonreiji,https://tabelog.com/tw/tokyo/A1319/A131907/13178309/
3.98,東京チャイニーズ 一凛,Tokyo Chinese Ichirin,https://tabelog.com/tw/tokyo/A1313/A131301/13153417/
3.98,ICARO miyamoto,ICARO miyamoto,https://tabelog.com/tw/tokyo/A1317/A131701/13050216/
3.98,ラ・ブランシュ,La Blanche,https://tabelog.com/tw/tokyo/A1303/A130301/13002111/
3.98,オステリア・オリエーラ,OSTERIA OLIERA,https://tabelog.com/tw/tokyo/A1304/A130401/13099830/
3.98,アロマフレスカ,Ristorante Aroma-fresca,https://tabelog.com/tw/tokyo/A1301/A130101/13129298/
3.98,Convivio,konvivio,https://tabelog.com/tw/tokyo/A1309/A130901/13149817/
3.98,神楽坂 阿部,kagurazakaabe,https://tabelog.com/tw/tokyo/A1309/A130905/13208287/
3.97,イデミスギノ,HIDEMI SUGINO,https://tabelog.com/tw/tokyo/A1302/A130202/13002285/
3.97,よろにく,Yoroniku,https://tabelog.com/tw/tokyo/A1306/A130602/13042979/
3.97,SPICY CURRY 魯珈,Supaishikareroka,https://tabelog.com/tw/tokyo/A1304/A130404/13203027/
3.97,麺屋 さくら井,Menyasakurai,https://tabelog.com/tw/tokyo/A1320/A132002/13202438/
3.97,PATISSERIE ASAKO IWAYANAGI,Pathisuriasakoiwayanagi,https://tabelog.com/tw/tokyo/A1317/A131715/13189509/
3.97,シュマン,Chemins,https://tabelog.com/tw/tokyo/A1308/A130801/13001336/
3.97,ほっこり中華そば もつけ,Hokkorichuukasobamotsuke,https://tabelog.com/tw/tokyo/A1329/A132904/13192847/
3.97,高太郎,Kotaro,https://tabelog.com/tw/tokyo/A1303/A130301/13123997/
3.97,シェフス,CHEF'S,https://tabelog.com/tw/tokyo/A1304/A130402/13000884/
3.97,ロマンティコ,Romantico,https://tabelog.com/tw/tokyo/A1316/A131602/13021521/
3.97,鮓 村瀬,Murase,https://tabelog.com/tw/tokyo/A1307/A130701/13174475/
3.97,クラフタル,CRAFTALE,https://tabelog.com/tw/tokyo/A1317/A131701/13186719/
3.97,羊SUNRISE,HITSUJI SUNRISE,https://tabelog.com/tw/tokyo/A1307/A130702/13202705/
3.97,鳥田中,Toritanaka,https://tabelog.com/tw/tokyo/A1312/A131203/13208669/
3.97,Takumi,Takumi,https://tabelog.com/tw/tokyo/A1307/A130701/13204624/
3.97,リストランテ センソ,Ristorante Senso,https://tabelog.com/tw/tokyo/A1316/A131602/13193100/
3.97,懐石 辻留,Tsujitome,https://tabelog.com/tw/tokyo/A1308/A130801/13001228/
3.96,尾花,Obana,https://tabelog.com/tw/tokyo/A1324/A132401/13003509/
3.96,パティスリー・パリセヴェイユ,patisserie Paris S'eveille,https://tabelog.com/tw/tokyo/A1317/A131703/13005198/
3.96,MASA’S KITCHEN 恵比寿,MASA'S KITCHEN47,https://tabelog.com/tw/tokyo/A1303/A130302/13054526/
3.96,メゾン・ド・ユーロン,Maison de YULONG,https://tabelog.com/tw/tokyo/A1308/A130801/13002871/
3.96,ラシェット・ブランシュ,L'Assiette Blanche,https://tabelog.com/tw/tokyo/A1316/A131602/13004471/
3.96,オーボンヴュータン 尾山台店,Obonvutan,https://tabelog.com/tw/tokyo/A1317/A131715/13181654/
3.96,ライラ,Lyla,https://tabelog.com/tw/tokyo/A1308/A130801/13156381/
3.96,コントワール ミサゴ,COMPTOIR MISSAGO,https://tabelog.com/tw/tokyo/A1307/A130703/13114321/
3.96,毛利,mouri,https://tabelog.com/tw/tokyo/A1301/A130101/13002661/
3.96,プレヴナンス,Prevenance,https://tabelog.com/tw/tokyo/A1306/A130603/13162493/
3.96,ラ・ファソン 古賀,La facon koga,https://tabelog.com/tw/tokyo/A1318/A131811/13155778/
3.96,ENEKO Tokyo,enekotoukyou,https://tabelog.com/tw/tokyo/A1307/A130701/13212953/
3.96,オルグイユ,L'orgueil,https://tabelog.com/tw/tokyo/A1306/A130603/13192399/
3.96,ダペピ,Dapepi,https://tabelog.com/tw/tokyo/A1323/A132301/13124157/
3.96,サエキ飯店,Saekihanten,https://tabelog.com/tw/tokyo/A1316/A131601/13233311/
3.95,エーグルドゥース,Egurudosu,https://tabelog.com/tw/tokyo/A1305/A130502/13005641/
3.95,玉笑,Tamawarai,https://tabelog.com/tw/tokyo/A1306/A130601/13129390/
3.95,カーザ ヴィニタリア,Casa VINITALIA,https://tabelog.com/tw/tokyo/A1307/A130702/13010456/
3.95,らぁ麺 すぎ本,Ramensugimoto,https://tabelog.com/tw/tokyo/A1321/A132104/13163409/
3.95,石ばし,Ishibashi,https://tabelog.com/tw/tokyo/A1309/A130905/13003531/
3.95,ラール・エ・ラ・マニエール,Lart et la maniere,https://tabelog.com/tw/tokyo/A1301/A130101/13095732/
3.95,天冨良 よこ田,Yokota,https://tabelog.com/tw/tokyo/A1307/A130702/13001340/
3.95,銀座 テンダー,Ginzatenda,https://tabelog.com/tw/tokyo/A1301/A130101/13002618/
3.95,アジュール フォーティーファイブ,Azure 45,https://tabelog.com/tw/tokyo/A1307/A130701/13117620/
3.95,アヴランシュ・ゲネー,Avranches Guesnay,https://tabelog.com/tw/tokyo/A1310/A131004/13186450/
3.95,ラパルタメント ディ ナオキ,L'appartamento di NAOKI,https://tabelog.com/tw/tokyo/A1307/A130702/13120467/
3.95,セルサルサーレ,sel sal sale,https://tabelog.com/tw/tokyo/A1303/A130302/13166739/
3.95,寿司 いずみ,Izumi,https://tabelog.com/tw/tokyo/A1317/A131702/13018559/
3.95,L'EAU,L'EAU,https://tabelog.com/tw/tokyo/A1306/A130603/13228902/
3.95,冨所,Tomidokoro,https://tabelog.com/tw/tokyo/A1314/A131401/13223846/
3.95,おでこ,Au deco,https://tabelog.com/tw/tokyo/A1307/A130703/13232146/
3.94,アテスウェイ,à tes souhaits!,https://tabelog.com/tw/tokyo/A1320/A132001/13005853/
3.94,エディション・コウジ シモムラ,EdiTion Koji Shimomura,https://tabelog.com/tw/tokyo/A1307/A130701/13042074/
3.94,麺庵ちとせ,Menanchitose,https://tabelog.com/tw/tokyo/A1305/A130504/13182327/
3.94,フィオッキ,Fiocchi,https://tabelog.com/tw/tokyo/A1318/A131814/13003427/
3.94,中勢以 内店,Nakasei Uchimise,https://tabelog.com/tw/tokyo/A1323/A132302/13152057/
3.94,カントニーズ 燕 ケン タカセ,Cantonese en KEN TAKASE,https://tabelog.com/tw/tokyo/A1302/A130201/13147494/
3.94,ドンブラボー,Don Bravo,https://tabelog.com/tw/tokyo/A1326/A132601/13144681/
3.94,鳥みつ,Torimitsu,https://tabelog.com/tw/tokyo/A1304/A130401/13136411/
3.94,東洋軒,Toyoken,https://tabelog.com/tw/tokyo/A1308/A130801/13164394/
3.94,新橋鶴八,shimbashitsuruhachi,https://tabelog.com/tw/tokyo/A1301/A130103/13173432/
3.94,SALONE TOKYO,SALONE TOKYO,https://tabelog.com/tw/tokyo/A1301/A130102/13218266/
3.94,レストラン ローブ,Restaurant L'aube,https://tabelog.com/tw/tokyo/A1307/A130702/13198413/
3.93,麺屋一燈,Itto,https://tabelog.com/tw/tokyo/A1312/A131204/13111737/
3.93,デリー 上野店,DELHI,https://tabelog.com/tw/tokyo/A1311/A131101/13003605/
3.93,マルイチベーグル,MARUICHI BAGEL,https://tabelog.com/tw/tokyo/A1316/A131602/13010793/
3.93,手打蕎麦 じゆうさん,Jiyu San,https://tabelog.com/tw/tokyo/A1321/A132101/13025978/
3.93,月島 在市,tsukishimazaichi,https://tabelog.com/tw/tokyo/A1313/A131302/13095398/
3.93,焼肉 うしごろ 銀座店,Ushigoro Ginza,https://tabelog.com/tw/tokyo/A1301/A130101/13167325/
3.93,寿し処 寿々,Suzu,https://tabelog.com/tw/tokyo/A1308/A130802/13024464/
3.93,龍圓,Ryuuen,https://tabelog.com/tw/tokyo/A1311/A131102/13003700/
3.93,手打式超多加水麺 ののくら,teuchishikichoutakasuimennonokura,https://tabelog.com/tw/tokyo/A1324/A132403/13215713/
3.93,第三春美鮨,Daisan Harumisushi,https://tabelog.com/tw/tokyo/A1301/A130103/13002140/
3.93,レストラン ラッセ,Restaurant L'asse,https://tabelog.com/tw/tokyo/A1316/A131601/13125439/
3.93,ル スプートニク,Le sputnik,https://tabelog.com/tw/tokyo/A1307/A130701/13184105/
3.93,パティスリートレカルム,Patisserie TRES CALME,https://tabelog.com/tw/tokyo/A1323/A132301/13175122/
3.93,鮨 なかむら,Nakamura,https://tabelog.com/tw/tokyo/A1307/A130701/13003314/
3.93,鮨處やまだ,Sushidokoroyamada,https://tabelog.com/tw/tokyo/A1301/A130101/13144693/
3.93,江戸前晋作,Edomaeshinsaku,https://tabelog.com/tw/tokyo/A1310/A131004/13201105/
3.93,きざ㐂,Kizaki,https://tabelog.com/tw/tokyo/A1308/A130801/13221218/
3.93,小熊,Koguma,https://tabelog.com/tw/tokyo/A1301/A130101/13169901/
3.93,中華 うずまき,Uzumaki,https://tabelog.com/tw/tokyo/A1308/A130801/13053284/
3.93,鮨 すが弥,Sushisugaya,https://tabelog.com/tw/tokyo/A1314/A131401/13228776/
3.93,マルタ,Maruta,https://tabelog.com/tw/tokyo/A1326/A132601/13219686/
3.93,夏零,Karin,https://tabelog.com/tw/tokyo/A1307/A130701/13224230/
3.92,VIRON 渋谷店,Viron,https://tabelog.com/tw/tokyo/A1303/A130301/13004626/
3.92,とん太,Tonta,https://tabelog.com/tw/tokyo/A1305/A130503/13003984/
3.92,つけ麺 道,tsukememmichi,https://tabelog.com/tw/tokyo/A1324/A132403/13094595/
3.92,ダルマサーガラ,Dharmasagara,https://tabelog.com/tw/tokyo/A1301/A130101/13002374/
3.92,カッチャル バッチャル,Katcharu Batcharu,https://tabelog.com/tw/tokyo/A1323/A132302/13120294/
3.92,ショコラティエ パレ ド オール 東京,Shokorathieparedooru,https://tabelog.com/tw/tokyo/A1302/A130201/13038473/
3.92,かしわぎ,Kashiwagi,https://tabelog.com/tw/tokyo/A1319/A131901/13209326/
3.92,ぎんざ 一二岐,Ginza Ibuki,https://tabelog.com/tw/tokyo/A1313/A131301/13115557/
3.92,鶏こく中華 すず喜,Torikokuchuukasuzuki,https://tabelog.com/tw/tokyo/A1320/A132002/13215409/
3.92,RAMEN　にじゅうぶんのいち,Ramennijuubunnoichi,https://tabelog.com/tw/tokyo/A1324/A132401/13147594/
3.92,飄香 麻布十番本店,Piao-xiang Azabujuban Honten,https://tabelog.com/tw/tokyo/A1307/A130702/13018802/
3.92,ルメルシマン オカモト,Remerciements OKAMOTO,https://tabelog.com/tw/tokyo/A1306/A130602/13145384/
3.92,土家,Tsuchiya,https://tabelog.com/tw/tokyo/A1328/A132806/13061606/
3.92,清壽,Seiju,https://tabelog.com/tw/tokyo/A1313/A131301/13058904/
3.92,新ばし 久,Shimbashikyuu,https://tabelog.com/tw/tokyo/A1301/A130103/13030766/
3.92,RODEO,RODEO,https://tabelog.com/tw/tokyo/A1317/A131701/13213575/
3.92,銀座 よし澤,Ginzayoshizawa,https://tabelog.com/tw/tokyo/A1301/A130101/13175030/
3.92,フィリップ・ミル 東京,firippumirutoukyou,https://tabelog.com/tw/tokyo/A1307/A130701/13205772/
3.92,ビストロ・シンバ,bistrosimba,https://tabelog.com/tw/tokyo/A1313/A131301/13186713/
3.92,鉄板焼き いわ倉,teppanyakiiwakura,https://tabelog.com/tw/tokyo/A1309/A130905/13189075/
3.92,銀座 きた福,Ginza Kitafuku,https://tabelog.com/tw/tokyo/A1301/A130101/13183900/
3.91,饗 くろ喜,Motenashikuroki,https://tabelog.com/tw/tokyo/A1310/A131001/13127743/
3.91,中華そば 多賀野,Tyukasobatagano,https://tabelog.com/tw/tokyo/A1317/A131712/13003421/
3.91,キュイジーヌ[s] ミッシェル・トロワグロ,Cuisine[s] Michel Troisgros,https://tabelog.com/tw/tokyo/A1304/A130401/13025796/
3.91,カレーライス ディラン,kare-raisudhiran,https://tabelog.com/tw/tokyo/A1310/A131002/13158580/
3.91,レストラン マノワ,Restaurant MANOIR,https://tabelog.com/tw/tokyo/A1303/A130302/13133477/
3.91,神保町 黒須,Jimbouchoukurosu,https://tabelog.com/tw/tokyo/A1310/A131003/13201888/
3.91,パティスリー ユウ ササゲ,Patisserie Yu Sasage,https://tabelog.com/tw/tokyo/A1318/A131809/13155662/
3.91,東京肉しゃぶ家,Toukyounikushabuya,https://tabelog.com/tw/tokyo/A1304/A130401/13196268/
3.91,鳥かど,Torikado,https://tabelog.com/tw/tokyo/A1316/A131601/13202530/
3.91,蘭奢待,Ranjatai,https://tabelog.com/tw/tokyo/A1310/A131003/13000425/
3.91,ブルガズ アダ,BURGAZ ADA,https://tabelog.com/tw/tokyo/A1307/A130702/13055381/
3.91,sio,shio,https://tabelog.com/tw/tokyo/A1318/A131811/13150395/
3.91,レ・カカオ,LES CACAOS,https://tabelog.com/tw/tokyo/A1316/A131603/13203619/
3.91,ブーケ・ド・フランス,Bouquet de France,https://tabelog.com/tw/tokyo/A1307/A130701/13002082/
3.91,プリンチピオ,Principio,https://tabelog.com/tw/tokyo/A1307/A130702/13144481/
3.91,ラ・プレシューズ 紀尾井町店,Rapureshuzu,https://tabelog.com/tw/tokyo/A1308/A130801/13198490/
3.91,すし家,Sushiya,https://tabelog.com/tw/tokyo/A1301/A130101/13147846/
3.91,やきとり 心香,SHINKA,https://tabelog.com/tw/tokyo/A1307/A130701/13134990/
3.91,レストランユニック,restaurant unique,https://tabelog.com/tw/tokyo/A1316/A131601/13163184/
3.91,Libre 白金高輪店,Libre,https://tabelog.com/tw/tokyo/A1316/A131602/13222761/
3.91,SATOブリアンさんごう,satouburiansangou,https://tabelog.com/tw/tokyo/A1319/A131905/13223460/
3.91,まる富,Marutomi,https://tabelog.com/tw/tokyo/A1309/A130903/13158579/
3.91,恵比寿 くろいわ,Ebisukuroiwa,https://tabelog.com/tw/tokyo/A1303/A130302/13186582/
3.91,久丹,Kutan,https://tabelog.com/tw/tokyo/A1313/A131301/13220750/
3.90,焼肉 鶯谷園,yakinikuuguisudanien,https://tabelog.com/tw/tokyo/A1311/A131104/13012243/
3.90,セントル ザ・ベーカリー,CENTRE THE BAKERY,https://tabelog.com/tw/tokyo/A1301/A130101/13157424/
3.90,ラーメン屋 トイ・ボックス,ra-menyatoibokkusu,https://tabelog.com/tw/tokyo/A1324/A132401/13162973/
3.90,中華ソバ 伊吹,Ibuki,https://tabelog.com/tw/tokyo/A1322/A132205/13163874/
3.90,らーめん改,Ramenkai,https://tabelog.com/tw/tokyo/A1311/A131103/13191776/
3.90,ロットチェント,L'ottocento,https://tabelog.com/tw/tokyo/A1302/A130203/13198683/
3.90,サラマンジェ ド イザシ ワキサカ,SALLE A MANGER de Hisashi WAKISAKA,https://tabelog.com/tw/tokyo/A1301/A130101/13151302/
3.90,カレー&オリエンタルバル 桃の実 水道橋店,Kareandoorientarubarumomonomi,https://tabelog.com/tw/tokyo/A1310/A131003/13204150/
3.90,麻布 かどわき,Kadowaki,https://tabelog.com/tw/tokyo/A1307/A130702/13001664/
3.90,セララバアド,Celaravird ,https://tabelog.com/tw/tokyo/A1318/A131811/13176914/
3.90,鮨 波やし,Hayashi,https://tabelog.com/tw/tokyo/A1319/A131904/13070215/
3.90,うぶか,Ubuka,https://tabelog.com/tw/tokyo/A1309/A130903/13139225/
3.90,チリムーロ,Chirimulo,https://tabelog.com/tw/tokyo/A1303/A130301/13164533/
3.90,レクテ,Recte,https://tabelog.com/tw/tokyo/A1303/A130303/13036041/
3.90,豊栄,Houei,https://tabelog.com/tw/tokyo/A1323/A132302/13194172/
3.90,81,81,https://tabelog.com/tw/tokyo/A1307/A130703/13186404/
3.90,蓮香,Renshan,https://tabelog.com/tw/tokyo/A1316/A131602/13190771/
3.90,懐石料理 はし本,Kaisekiryourihashimoto,https://tabelog.com/tw/tokyo/A1302/A130202/13154602/
3.90,世良田,Serata,https://tabelog.com/tw/tokyo/A1307/A130702/13012994/
3.90,鮨 つぼみ,Sushitsubomi,https://tabelog.com/tw/tokyo/A1317/A131701/13221782/
3.90,臼杵ふぐ 山田屋 西麻布,Yamadaya Nishiazabu,https://tabelog.com/tw/tokyo/A1307/A130703/13034857/
3.90,うなぎ時任,Unagitokitou,https://tabelog.com/tw/tokyo/A1307/A130702/13224663/
3.90,ASAHINA Gastronome,ASAHINA Gastronome,https://tabelog.com/tw/tokyo/A1302/A130203/13227385/
3.90,FURUYA　augastronome,Furuyaogasutoronomu,https://tabelog.com/tw/tokyo/A1308/A130801/13188159/
3.89,五代目 野田岩 麻布飯倉本店,Godaime Nodaiwa,https://tabelog.com/tw/tokyo/A1314/A131401/13002789/
3.89,フルーツパーラーフクナガ,furu-tsupa-ra-fukunaga,https://tabelog.com/tw/tokyo/A1309/A130903/13006765/
3.89,リストランテ ラ チャウ,Ristrante La ciau,https://tabelog.com/tw/tokyo/A1314/A131402/13044737/
3.89,町田汁場 しおらーめん進化,machidashirubashiora-menshinka,https://tabelog.com/tw/tokyo/A1327/A132701/13050023/
3.89,真鯛らーめん 麺魚 本店,Madairamemmengyo,https://tabelog.com/tw/tokyo/A1312/A131201/13208237/
3.89,アステリスク,ASTERISQUE,https://tabelog.com/tw/tokyo/A1318/A131811/13140735/
3.89,吟八亭 やざ和,Gimpachitei Yazawa,https://tabelog.com/tw/tokyo/A1324/A132403/13003083/
3.89,八雲,Yakumo,https://tabelog.com/tw/tokyo/A1317/A131705/13204333/
3.89,シバカリーワラ,shiva curry wara,https://tabelog.com/tw/tokyo/A1317/A131706/13151738/
3.89,麺 みつヰ,Memmitsui,https://tabelog.com/tw/tokyo/A1311/A131102/13203387/
3.89,リベルターブル 赤坂店,Libertable,https://tabelog.com/tw/tokyo/A1308/A130801/13160987/
3.89,BAR 保志,Bahoshi,https://tabelog.com/tw/tokyo/A1301/A130101/13007819/
3.89,ポンテ デル ピアット,PONTE DEL PIATTO,https://tabelog.com/tw/tokyo/A1307/A130703/13166111/
3.89,いし橋,Ishibashi,https://tabelog.com/tw/tokyo/A1311/A131101/13021036/
3.89,スタア・バー・ギンザ,STAR BAR GINZA,https://tabelog.com/tw/tokyo/A1301/A130101/13002270/
3.89,ヴァッカロッサ,VACCA ROSSA,https://tabelog.com/tw/tokyo/A1308/A130801/13156942/
3.89,純手打ち だるま,Junteuchidaruma,https://tabelog.com/tw/tokyo/A1319/A131903/13218715/
3.89,かんだ,Kanda,https://tabelog.com/tw/tokyo/A1307/A130701/13005439/
3.89,青草窠,Seisoka,https://tabelog.com/tw/tokyo/A1307/A130703/13090635/
3.89,アルノー・ラエール 広尾本店,Arunoraeru,https://tabelog.com/tw/tokyo/A1307/A130703/13217253/
3.89,銀座 奥田,Okuda,https://tabelog.com/tw/tokyo/A1301/A130101/13129763/
3.89,アルゴリズム,L'algorithme,https://tabelog.com/tw/tokyo/A1316/A131602/13213150/
3.89,銀座 やまの辺 江戸中華,ginzayamanobeedochuuka,https://tabelog.com/tw/tokyo/A1301/A130103/13185963/
3.89,常,Towa,https://tabelog.com/tw/tokyo/A1307/A130703/13220791/
3.89,六寛,Rokkan,https://tabelog.com/tw/tokyo/A1313/A131301/13178685/
3.89,霞町 やまがみ,Kasumichouyamagami,https://tabelog.com/tw/tokyo/A1307/A130703/13220317/
3.88,Toshi Yoroizuka Mid Town,Toshiyoroiduka,https://tabelog.com/tw/tokyo/A1307/A130701/13037382/
3.88,麺処ほん田,Mendokorohonda,https://tabelog.com/tw/tokyo/A1323/A132304/13047541/
3.88,ケンズカフェ東京,KEN'S CAFE TOKYO,https://tabelog.com/tw/tokyo/A1304/A130402/13024643/
3.88,てんぷら 近藤,Kondo,https://tabelog.com/tw/tokyo/A1301/A130101/13004993/
3.88,ラ・ボンバンス,La BOMBANCE,https://tabelog.com/tw/tokyo/A1307/A130701/13016617/
3.88,ブーランジェリー スドウ,Boulangerie Sudo,https://tabelog.com/tw/tokyo/A1317/A131709/13098861/
3.88,中華蕎麦にし乃,Chuukasobanishino,https://tabelog.com/tw/tokyo/A1310/A131004/13218311/
3.88,アッピア 本店,Appia,https://tabelog.com/tw/tokyo/A1307/A130703/13001593/
3.88,一番いちばん,Ichibanichiban,https://tabelog.com/tw/tokyo/A1327/A132701/13001469/
3.88,ル・マノアール・ダスティン,Le Manoir D'HASTINGS,https://tabelog.com/tw/tokyo/A1301/A130101/13000331/
3.88,御田町 桃の木,Momonoki,https://tabelog.com/tw/tokyo/A1314/A131402/13020738/
3.88,徳 うち山,tokuuchiyama,https://tabelog.com/tw/tokyo/A1301/A130101/13129656/
3.88,リストランテ･ヒロ  青山,RISTORANTE HiRo,https://tabelog.com/tw/tokyo/A1306/A130602/13002025/
3.88,砂の岬,Sunanomisaki,https://tabelog.com/tw/tokyo/A1317/A131707/13120204/
3.88,クリオロ 東京本店,CRIOLLO,https://tabelog.com/tw/tokyo/A1322/A132202/13194959/
3.88,麺屋 はし本,Menyahashimoto,https://tabelog.com/tw/tokyo/A1319/A131902/13205769/
3.88,アーティショー,Artichaut,https://tabelog.com/tw/tokyo/A1303/A130302/13042337/
3.88,ビートイート,Beet eat,https://tabelog.com/tw/tokyo/A1318/A131814/13196455/
3.88,和食 こんどう,Kondo,https://tabelog.com/tw/tokyo/A1309/A130903/13150477/
3.88,不動前 すし 岩澤,Fudoumaesushiiwasawa,https://tabelog.com/tw/tokyo/A1317/A131710/13193460/
3.88,エルバ ダ ナカヒガシ,Erba da nakahigashi,https://tabelog.com/tw/tokyo/A1307/A130703/13191105/
3.88,さき田,Sakita,https://tabelog.com/tw/tokyo/A1320/A132001/13216828/
3.88,乃木坂 しん,Nogizakashin,https://tabelog.com/tw/tokyo/A1307/A130701/13196404/
3.88,ALTER EGO,ALTER EGO,https://tabelog.com/tw/tokyo/A1310/A131003/13231135/
3.88,あらいかわ,Araikawa,https://tabelog.com/tw/tokyo/A1307/A130702/13218481/
3.87,丸五,Marugo,https://tabelog.com/tw/tokyo/A1310/A131001/13000379/
3.87,エリックサウス 八重洲店,ERICK SOUTH,https://tabelog.com/tw/tokyo/A1302/A130202/13130363/
3.87,シニフィアン シニフィエ 世田谷本店,Signifiant Signifie,https://tabelog.com/tw/tokyo/A1317/A131706/13030788/
3.87,麺処 晴,Mendokoroharu,https://tabelog.com/tw/tokyo/A1311/A131104/13143115/
3.87,創作麺工房 鳴龍,NAKIRYU,https://tabelog.com/tw/tokyo/A1323/A132302/13141302/
3.87,パティスリー カーヴァンソン,patisserie K.ViNCENT,https://tabelog.com/tw/tokyo/A1309/A130905/13035194/
3.87,トラットリア グランボッカ,TRATTORIA GRAN BOCCA,https://tabelog.com/tw/tokyo/A1309/A130905/13173167/
3.87,中国飯店 六本木店,Chuugokuhanten,https://tabelog.com/tw/tokyo/A1307/A130701/13001954/
3.87,鰻禅,Unazen,https://tabelog.com/tw/tokyo/A1312/A131203/13058979/
3.87,ル・ルソール,Le Ressort,https://tabelog.com/tw/tokyo/A1318/A131801/13026653/
3.87,鰻家,Unagiya,https://tabelog.com/tw/tokyo/A1321/A132101/13012445/
3.87,パティスリー プレジール,Patisserie Plaisir,https://tabelog.com/tw/tokyo/A1317/A131706/13045491/
3.87,自家製中華そば としおか,Jikaseichuukasobatoshioka,https://tabelog.com/tw/tokyo/A1305/A130504/13182315/
3.87,メゾン・ダーニ,MAISON D'AHNI,https://tabelog.com/tw/tokyo/A1316/A131602/13183428/
3.87,トルナヴェント,TORNAVENTO,https://tabelog.com/tw/tokyo/A1307/A130701/13022053/
3.87,ジョンティ アッシュ,Gentil H,https://tabelog.com/tw/tokyo/A1316/A131602/13056132/
3.87,らーめん飛粋,Ramenhiiki,https://tabelog.com/tw/tokyo/A1315/A131503/13217922/
3.87,北京遊膳,Beijing Yuzen,https://tabelog.com/tw/tokyo/A1319/A131906/13001102/
3.87,霞庭 まつばら,Kasumitei Matsubara,https://tabelog.com/tw/tokyo/A1307/A130701/13118905/
3.87,鮨 りんだ,RINDA,https://tabelog.com/tw/tokyo/A1316/A131601/13168140/
3.87,麤皮,ARAGAWA,https://tabelog.com/tw/tokyo/A1314/A131401/13002897/
3.87,リョウラ,Ryoura,https://tabelog.com/tw/tokyo/A1317/A131707/13188208/
3.87,山介,Yamasuke,https://tabelog.com/tw/tokyo/A1311/A131102/13156730/
3.87,ワイ アンド エム バー・キスリング,Y&M Bar KISLING,https://tabelog.com/tw/tokyo/A1301/A130101/13007814/
3.87,山の茶屋,Yamanochaya,https://tabelog.com/tw/tokyo/A1308/A130802/13002739/
3.87,チニャーレエノテカ,Cignale ENOTECA ,https://tabelog.com/tw/tokyo/A1318/A131801/13189915/
3.87,焼肉 いぶさな,Yakinikuibusana,https://tabelog.com/tw/tokyo/A1318/A131810/13221220/
3.87,小熊飯店,Shaoshonhanten,https://tabelog.com/tw/tokyo/A1309/A130901/13142019/
3.86,麺屋吉左右,Menyakissou,https://tabelog.com/tw/tokyo/A1313/A131303/13021140/
3.86,パンのペリカン,Pelican,https://tabelog.com/tw/tokyo/A1311/A131102/13003662/
3.86,シニフィアン シニフィエ 日本橋タカシマヤ店,Signifiant Signifie,https://tabelog.com/tw/tokyo/A1302/A130202/13054419/
3.86,ぽん多本家,Pontahonke,https://tabelog.com/tw/tokyo/A1311/A131101/13003587/
3.86,とり喜,Toriki,https://tabelog.com/tw/tokyo/A1312/A131201/13026017/
3.86,SOBA HOUSE 金色不如帰 新宿御苑本店,sobahausukonjikihototogisu,https://tabelog.com/tw/tokyo/A1304/A130402/13222172/
3.86,トラットリア シチリアーナ・ドンチッチョ,Don Ciccio,https://tabelog.com/tw/tokyo/A1303/A130301/13026215/
3.86,リストランティーノ　ルベロ,Ristorantino Lubero,https://tabelog.com/tw/tokyo/A1316/A131601/13045711/
3.86,入谷鬼子母神門前のだや,iriyakishimojimmonzennodaya,https://tabelog.com/tw/tokyo/A1311/A131104/13152282/
3.86,帰燕,Kien,https://tabelog.com/tw/tokyo/A1308/A130802/13100055/
3.86,中華そば べんてん,Chuukasobabenten,https://tabelog.com/tw/tokyo/A1322/A132204/13200351/
3.86,ア コテ パティスリー,A Cote Patisserie,https://tabelog.com/tw/tokyo/A1316/A131602/13051424/
3.86,銀座 ハプスブルク・ファイルヒェン,GINZA HABSBURG VEILCHEN,https://tabelog.com/tw/tokyo/A1301/A130101/13139747/
3.86,焼肉しみず,Yakinikushimizu,https://tabelog.com/tw/tokyo/A1317/A131710/13096548/
3.86,石の華,Ishinohana,https://tabelog.com/tw/tokyo/A1303/A130301/13004802/
3.86,ユヌクレ,uneclef,https://tabelog.com/tw/tokyo/A1318/A131813/13132250/
3.86,ボナ・フェスタ,BONA FESTA,https://tabelog.com/tw/tokyo/A1311/A131102/13016868/
3.86,ステーキ＆トラットリア カルネジーオ 大手町,Steak&Trattoria Carnesio,https://tabelog.com/tw/tokyo/A1302/A130201/13195270/
3.86,リストランテ カッパス,Ristorante KAPPAS,https://tabelog.com/tw/tokyo/A1306/A130602/13001966/
3.86,パティスリー　ラ・グリシーヌ,Pathisuriragurishinu,https://tabelog.com/tw/tokyo/A1317/A131705/13150993/
3.86,トレフミヤモト,Torefumiyamoto,https://tabelog.com/tw/tokyo/A1307/A130701/13005338/
3.86,寛幸,Hiroyuki,https://tabelog.com/tw/tokyo/A1301/A130101/13187102/
3.85,ダバ インディア,Dhaba India,https://tabelog.com/tw/tokyo/A1302/A130202/13000506/
3.85,うさぎや,Usagiya,https://tabelog.com/tw/tokyo/A1311/A131101/13003599/
3.85,煮干しつけ麺 宮元,niboshitsukememmiyamoto,https://tabelog.com/tw/tokyo/A1315/A131503/13180862/
3.85,ル・ブルギニオン,LE BOURGUIGNON,https://tabelog.com/tw/tokyo/A1307/A130701/13005328/
3.85,ツッカベッカライ カヤヌマ,Tsukkabekkaraikayanuma,https://tabelog.com/tw/tokyo/A1308/A130802/13002756/
3.85,きらく亭,Kirakutei,https://tabelog.com/tw/tokyo/A1307/A130703/13007145/
3.85,中華蕎麦 蘭鋳,chuukasobaranchuu,https://tabelog.com/tw/tokyo/A1319/A131903/13113532/
3.85,ブーランジェリー セイジアサクラ,BOULANGERIE SEIJI ASAKURA,https://tabelog.com/tw/tokyo/A1316/A131603/13055881/
3.85,鮨 太一,Sushitaichi,https://tabelog.com/tw/tokyo/A1301/A130101/13060788/
3.85,正泰苑 総本店,Shoutaien,https://tabelog.com/tw/tokyo/A1324/A132401/13003776/
3.85,鈴木,Suzuki,https://tabelog.com/tw/tokyo/A1326/A132601/13005981/
3.85,らぁ麺やまぐち,Ramenyamaguchi,https://tabelog.com/tw/tokyo/A1305/A130504/13151200/
3.85,CINA New Modern Chinese,CINA New Modern Chinese,https://tabelog.com/tw/tokyo/A1303/A130302/13200117/
3.85,とんかつかっぽう かつぜん,Tonkatsukappoukatsuzen,https://tabelog.com/tw/tokyo/A1301/A130101/13006519/
3.85,やっぱりインディア,Yappari India,https://tabelog.com/tw/tokyo/A1323/A132302/13207605/
3.85,産直屋 たか,Sanchokuya Taka,https://tabelog.com/tw/tokyo/A1303/A130301/13008327/
3.85,麺LABOひろ,Menrabohiro,https://tabelog.com/tw/tokyo/A1317/A131702/13203210/
3.85,レストラン コバヤシ,Restaurant Kobayashi,https://tabelog.com/tw/tokyo/A1312/A131202/13002939/
3.85,ロドラント ミノルナキジン,L'Odorante par Minoru Nakijin,https://tabelog.com/tw/tokyo/A1301/A130101/13054492/
3.85,アディクト オ シュクル,Addict au Sucre,https://tabelog.com/tw/tokyo/A1317/A131702/13171753/
3.85,児ノ木,Chigonoki,https://tabelog.com/tw/tokyo/A1319/A131901/13154006/
3.85,南蛮 銀圓亭,Namban Ginentei,https://tabelog.com/tw/tokyo/A1301/A130101/13002305/
3.85,ラ シャッス,LA CHASSE,https://tabelog.com/tw/tokyo/A1307/A130701/13025071/
3.85,Bar Tiare,Bathiare,https://tabelog.com/tw/tokyo/A1308/A130801/13100967/
3.85,寿製麺 よしかわ 西台駅前店,Kotobukiseimenyoshikawa,https://tabelog.com/tw/tokyo/A1322/A132205/13228611/
3.85,IBAIA,Ibaia,https://tabelog.com/tw/tokyo/A1301/A130101/13159072/
3.85,銀座かつかみ,Ginzakatsukami,https://tabelog.com/tw/tokyo/A1301/A130101/13225476/
3.85,焼鳥今井,Yakitoriimai,https://tabelog.com/tw/tokyo/A1306/A130603/13025995/
3.85,蜀郷香,Shuushanshan,https://tabelog.com/tw/tokyo/A1309/A130903/13115724/
3.85,山さき,Yamasaki,https://tabelog.com/tw/tokyo/A1309/A130905/13000458/
3.85,鮨桂太,sushikeita,https://tabelog.com/tw/tokyo/A1313/A131301/13213360/
3.85,鮨 一條,Sushiichijou,https://tabelog.com/tw/tokyo/A1302/A130204/13191562/
3.85,ヒロヤ,Hiroya,https://tabelog.com/tw/tokyo/A1306/A130603/13160443/
3.85,焼肉うしごろ 銀座並木通り店,Yakinikuushigoro,https://tabelog.com/tw/tokyo/A1301/A130101/13226719/
3.85,寿修,Jushuu,https://tabelog.com/tw/tokyo/A1306/A130602/13119927/
3.85,オルランド,Orlando,https://tabelog.com/tw/tokyo/A1303/A130301/13174925/
3.85,マジカメンテ,MAGICAMENTE,https://tabelog.com/tw/tokyo/A1303/A130302/13121950/
3.84,煮干鰮らーめん 圓,Niboshiiwashiramenen,https://tabelog.com/tw/tokyo/A1329/A132904/13091258/
3.84,石臼挽き手打 蕎楽亭,ishiusuhikiteuchikyourakutei,https://tabelog.com/tw/tokyo/A1309/A130905/13000479/
3.84,らぁ麺 はやし田 新宿本店,Ramenhayashida,https://tabelog.com/tw/tokyo/A1304/A130401/13216496/
3.84,VIRON,viron,https://tabelog.com/tw/tokyo/A1302/A130201/13043904/
3.84,もち豚とんかつ たいよう,mochibutatonkatsutaiyou,https://tabelog.com/tw/tokyo/A1317/A131710/13059862/
3.84,365日,Sambikurokujuugonichi,https://tabelog.com/tw/tokyo/A1318/A131810/13164031/
3.84,フランス菓子 パティシエ ショコラティエ イナムラショウゾウ,furansugashipathishieshokorathieinamurashouzou,https://tabelog.com/tw/tokyo/A1311/A131105/13047298/
3.84,ラ ターブル ドゥ ジョエル・ロブション,LA TABLE de Joel Robuchon,https://tabelog.com/tw/tokyo/A1303/A130302/13010725/
3.84,アトリエコータ,ATELIER KOHTA,https://tabelog.com/tw/tokyo/A1309/A130905/13136823/
3.84,虎穴,Fushue,https://tabelog.com/tw/tokyo/A1302/A130204/13098919/
3.84,アンティカ オステリア カルネヤ,ANTICA OSTERIA CARNEYA,https://tabelog.com/tw/tokyo/A1309/A130905/13045549/
3.84,ピエール・ガニェール,PIERRE GAGNAIRE ,https://tabelog.com/tw/tokyo/A1308/A130802/13103993/
3.84,フレデリック カッセル 銀座三越,Furederikkukasseru,https://tabelog.com/tw/tokyo/A1301/A130101/13116839/
3.84,焼肉くにもと 新館,Kunimoto Shinkan,https://tabelog.com/tw/tokyo/A1314/A131401/13035852/
3.84,中華そば 満鶏軒,chuukasobamanchi-ken,https://tabelog.com/tw/tokyo/A1312/A131201/13220773/
3.84,蒼天 南口店,Souten,https://tabelog.com/tw/tokyo/A1323/A132302/13092061/
3.84,キノシタ,Kinoshita,https://tabelog.com/tw/tokyo/A1318/A131810/13001058/
3.84,焼き鳥 丈参,Takesan,https://tabelog.com/tw/tokyo/A1302/A130204/13046105/
3.84,Felicelina,Felicelina,https://tabelog.com/tw/tokyo/A1317/A131701/13130019/
3.84,パティスリーサロン・ドゥ・テ アミティエ,Patisserie Salom de the Amitie,https://tabelog.com/tw/tokyo/A1309/A130905/13047005/
3.84,EST!,Esuto,https://tabelog.com/tw/tokyo/A1311/A131101/13003582/
3.84,歯車,Haguruma,https://tabelog.com/tw/tokyo/A1309/A130905/13045080/
3.84,西洋料理 島,Shima,https://tabelog.com/tw/tokyo/A1302/A130202/13000495/
3.84,浅草じゅうろく,Asakusajuuroku,https://tabelog.com/tw/tokyo/A1311/A131102/13185027/
3.84,シチリア屋,Shichiriaya,https://tabelog.com/tw/tokyo/A1323/A132301/13172747/
3.84,CarneSio east,CarneSio east,https://tabelog.com/tw/tokyo/A1303/A130302/13211666/
3.84,マルゴット エ バッチャーレ,Margotto e Baciare,https://tabelog.com/tw/tokyo/A1307/A130703/13172139/
3.84,ほかけ,Hokake,https://tabelog.com/tw/tokyo/A1301/A130101/13002472/
3.84,鮨　臥龍,Sushigaryuu,https://tabelog.com/tw/tokyo/A1309/A130903/13127957/
3.84,鳥おか,Torioka,https://tabelog.com/tw/tokyo/A1307/A130701/13225103/
3.84,カルパシ,Kalpasi,https://tabelog.com/tw/tokyo/A1318/A131813/13202529/
3.84,レストラン ナンペイダイ,RESTAURANT NANPEIDAI,https://tabelog.com/tw/tokyo/A1303/A130301/13215830/
3.84,すず木,Suzuki,https://tabelog.com/tw/tokyo/A1313/A131301/13119576/
3.84,天冨良 いわ井,Tempuraiwai,https://tabelog.com/tw/tokyo/A1301/A130101/13183675/
3.83,うどん 丸香,Udon Maruka,https://tabelog.com/tw/tokyo/A1310/A131003/13000629/
3.83,Japanese Soba Noodles 蔦,Japanizusobanudorutsuta,https://tabelog.com/tw/tokyo/A1323/A132301/13136231/
3.83,とんかつ やまいち,Tonkatsuyamaichi,https://tabelog.com/tw/tokyo/A1310/A131002/13042246/
3.83,タンドールバル カマルプール,Kamarupuru,https://tabelog.com/tw/tokyo/A1313/A131303/13128960/
3.83,中華そば屋 伊藤,Chuukasobayaitou,https://tabelog.com/tw/tokyo/A1323/A132304/13008779/
3.83,ル パン ドゥ ジョエル・ロブション 渋谷ヒカリエShinQs店,Rupandojoerurobushon,https://tabelog.com/tw/tokyo/A1303/A130301/13140263/
3.83,焼肉 ジャンボ 本郷店,Jambo Hongo,https://tabelog.com/tw/tokyo/A1310/A131004/13110601/
3.83,シターラ 青山店,SITAARA,https://tabelog.com/tw/tokyo/A1306/A130602/13009705/
3.83,サーラ アマービレ,Sala Amabile,https://tabelog.com/tw/tokyo/A1301/A130101/13113809/
3.83,うち山,Uchiyama,https://tabelog.com/tw/tokyo/A1301/A130101/13002322/
3.83,レザンファン ギャテ,Les enfants gates,https://tabelog.com/tw/tokyo/A1303/A130303/13039567/
3.83,龍口酒家 本店,Ronkouchuucha,https://tabelog.com/tw/tokyo/A1318/A131807/13004350/
3.83,クリオロ 中目黒店,kurioro,https://tabelog.com/tw/tokyo/A1317/A131701/13077927/
3.83,銀座バードランド,ginzaba-dorando,https://tabelog.com/tw/tokyo/A1301/A130101/13004097/
3.83,石臼挽き手打ち蕎麦 高はし,ishiusubikiteuchisabatakahashi,https://tabelog.com/tw/tokyo/A1319/A131906/13004378/
3.83,六雁,Mutsukari,https://tabelog.com/tw/tokyo/A1301/A130101/13005014/
3.83,日本橋 長門,Nihombashinagato,https://tabelog.com/tw/tokyo/A1302/A130202/13011481/
3.83,赤坂璃宮 銀座店,Akasakarikyuu,https://tabelog.com/tw/tokyo/A1301/A130101/13013346/
3.83,マテリエル,materieru,https://tabelog.com/tw/tokyo/A1322/A132203/13110008/
3.83,Jean-Georges Tokyo,Jean-George Tokyo,https://tabelog.com/tw/tokyo/A1307/A130701/13166173/
3.83,Lien,Lien,https://tabelog.com/tw/tokyo/A1317/A131705/13176808/
3.83,SONKA,Sonka,https://tabelog.com/tw/tokyo/A1319/A131905/13174215/
3.83,すき焼割烹 日山,sukiyakikappouhiyama,https://tabelog.com/tw/tokyo/A1302/A130204/13003043/
3.83,鮨 真,Sushishin,https://tabelog.com/tw/tokyo/A1307/A130701/13004789/
3.83,清寿軒,Seijuken,https://tabelog.com/tw/tokyo/A1302/A130204/13213772/
3.83,中華そば 西川,Chuukasobanishikawa,https://tabelog.com/tw/tokyo/A1318/A131813/13213036/
3.83,ル・パラン,Ruparan,https://tabelog.com/tw/tokyo/A1304/A130401/13000988/
3.83,小笹,Kozasa,https://tabelog.com/tw/tokyo/A1303/A130301/13004630/
3.83,ベンガルカレーファクトリー,Bengarukarefakutori,https://tabelog.com/tw/tokyo/A1310/A131002/13220519/
3.83,すし匠 まさ,Sushishoumasa,https://tabelog.com/tw/tokyo/A1307/A130703/13016512/
3.83,デセール ル コントワール,Dessert Le Comptoir,https://tabelog.com/tw/tokyo/A1317/A131715/13108815/
3.83,negombo33 高円寺,Negombo33,https://tabelog.com/tw/tokyo/A1319/A131904/13228221/
3.83,ル・フルティエ,Rufuruthie,https://tabelog.com/tw/tokyo/A1318/A131814/13168751/
3.83,INUA,INUA,https://tabelog.com/tw/tokyo/A1309/A130905/13223613/
3.83,小満津,Komatsu,https://tabelog.com/tw/tokyo/A1319/A131904/13001079/
3.83,珀狼,Hakurou,https://tabelog.com/tw/tokyo/A1307/A130703/13206638/
3.83,定谷,SADAYA,https://tabelog.com/tw/tokyo/A1311/A131104/13031814/
3.83,ランベリー,L'Embellir,https://tabelog.com/tw/tokyo/A1307/A130703/13111824/
3.82,丸一,Maruichi,https://tabelog.com/tw/tokyo/A1315/A131503/13017765/
3.82,エシレ・メゾン デュ ブール,ECHIRE MAISON DU BEURRE,https://tabelog.com/tw/tokyo/A1302/A130201/13096439/
3.82,パンとエスプレッソと,"BREAD,ESPRESSO &",https://tabelog.com/tw/tokyo/A1306/A130602/13090477/
3.82,すずめや,Suzumeya,https://tabelog.com/tw/tokyo/A1305/A130501/13009255/
3.82,カレーハウス チリチリ,Curry House TIRI TIRI  ,https://tabelog.com/tw/tokyo/A1303/A130301/13002119/
3.82,OGINO organic Restaurant,oginoo-ganikkuresutoran,https://tabelog.com/tw/tokyo/A1317/A131705/13045099/
3.82,ベージュ アラン・デュカス 東京,BEIGE ALAIN DUCASSE TOKYO,https://tabelog.com/tw/tokyo/A1301/A130101/13010470/
3.82,トプカ 神田本店,Topuka,https://tabelog.com/tw/tokyo/A1310/A131002/13000377/
3.82,らぁめん小池,Ramenkoike,https://tabelog.com/tw/tokyo/A1318/A131809/13172994/
3.82,VIA Brianza,VIA Brianza,https://tabelog.com/tw/tokyo/A1307/A130702/13004549/
3.82,東白庵かりべ,Touhakuankaribe,https://tabelog.com/tw/tokyo/A1309/A130905/13131622/
3.82,ナポリピッツァ Pizzeria la Rossa,Naporipittsupittsuriararossa,https://tabelog.com/tw/tokyo/A1317/A131702/13130666/
3.82,煮干そば 流。,niboshisobaru,https://tabelog.com/tw/tokyo/A1323/A132304/13175140/
3.82,ラトラス,L’Atlas,https://tabelog.com/tw/tokyo/A1309/A130905/13059639/
3.82,MENSHO,MENSHO,https://tabelog.com/tw/tokyo/A1323/A132302/13203848/
3.82,ラ スフォリーナ,La Sfoglina,https://tabelog.com/tw/tokyo/A1306/A130603/13157731/
3.82,西麻布けんしろう,nishiazabukenshirou,https://tabelog.com/tw/tokyo/A1307/A130703/13184885/
3.82,なかがわ,Nakagawa,https://tabelog.com/tw/tokyo/A1313/A131301/13002379/
3.82,銀座 いっぱし,ginzaippashi,https://tabelog.com/tw/tokyo/A1301/A130103/13041208/
3.82,祥瑞,SHONZUI,https://tabelog.com/tw/tokyo/A1307/A130701/13001263/
3.82,パティスリー ラブリコチエ,Pathisuriraburikochie,https://tabelog.com/tw/tokyo/A1319/A131904/13100828/
3.82,リール ギンザ,Rire Ginza,https://tabelog.com/tw/tokyo/A1301/A130101/13188259/
3.82,パティスリー　ジュンウジタ,Patisserie JUN UJITA,https://tabelog.com/tw/tokyo/A1317/A131702/13133033/
3.82,ファイヤーホール4000,faiya-ho-ruyonsen,https://tabelog.com/tw/tokyo/A1316/A131603/13206629/
3.82,ら すとらあだ,La Strada,https://tabelog.com/tw/tokyo/A1319/A131903/13141774/
3.82,迂直,Uchoku,https://tabelog.com/tw/tokyo/A1319/A131906/13229952/
3.82,赤寶亭,Sekihotei,https://tabelog.com/tw/tokyo/A1306/A130603/13014273/
3.82,Radio,Rajio,https://tabelog.com/tw/tokyo/A1306/A130602/13001207/
3.82,代々木 今半,Yoyogi Imahan,https://tabelog.com/tw/tokyo/A1318/A131810/13001039/
3.82,うなぎ川勢,Unagikawasei,https://tabelog.com/tw/tokyo/A1309/A130905/13035338/
3.82,レストラン アニス,Restaurant Anis,https://tabelog.com/tw/tokyo/A1318/A131807/13158871/
3.82,シャントレル,Les Chanterelles,https://tabelog.com/tw/tokyo/A1318/A131810/13128296/
3.82,クオーレアズーロ,Kuoreazuro,https://tabelog.com/tw/tokyo/A1317/A131701/13140792/
3.82,AURELIO,AURELIO,https://tabelog.com/tw/tokyo/A1303/A130301/13197889/
3.82,銀座 ひらやま,Hirayama,https://tabelog.com/tw/tokyo/A1313/A131301/13151917/
3.82,銀座 鮨 わたなべ,Ginzasushiwatanabe,https://tabelog.com/tw/tokyo/A1301/A130101/13148301/
3.82,鳴神,Narukami,https://tabelog.com/tw/tokyo/A1306/A130603/13169768/
3.82,南方中華料理 南三,Nampouchuukaryouriminami,https://tabelog.com/tw/tokyo/A1309/A130903/13221235/
3.82,くろす,Kurosu,https://tabelog.com/tw/tokyo/A1309/A130905/13135191/
3.82,の弥七,Noyashichi,https://tabelog.com/tw/tokyo/A1309/A130903/13209784/
3.82,FARO,FARO,https://tabelog.com/tw/tokyo/A1301/A130101/13002640/
3.82,FRANZ,FRANZ,https://tabelog.com/tw/tokyo/A1307/A130703/13210554/
3.82,おかもと,okamoto,https://tabelog.com/tw/tokyo/A1307/A130704/13144115/
3.81,モンサンクレール,Mont St Clair,https://tabelog.com/tw/tokyo/A1317/A131703/13003221/
3.81,群林堂,Gunrindou,https://tabelog.com/tw/tokyo/A1323/A132302/13003816/
3.81,ポンチ軒,Ponchiken,https://tabelog.com/tw/tokyo/A1310/A131002/13141456/
3.81,インド料理 想いの木,indoryouriomoinoki,https://tabelog.com/tw/tokyo/A1309/A130905/13023967/
3.81,とんかつ 万平,Tonkatsumampei,https://tabelog.com/tw/tokyo/A1310/A131002/13006333/
3.81,カタネベーカリー,Katanebekari,https://tabelog.com/tw/tokyo/A1318/A131811/13020931/
3.81,ラ・ブーシェリー・デュ・ブッパ,La Boucherie du Buppa,https://tabelog.com/tw/tokyo/A1317/A131701/13018558/
3.81,焼肉 ジャンボ 篠崎本店,Jambo Shinozakihonten,https://tabelog.com/tw/tokyo/A1312/A131205/13003075/
3.81,ナポリスタカ 神谷町店,"Pizzeria da peppe NAPOLI STA'CA""",https://tabelog.com/tw/tokyo/A1307/A130704/13132020/
3.81,鰻専門店 愛川,unagisemmontenaikawa,https://tabelog.com/tw/tokyo/A1305/A130503/13029734/
3.81,豊田屋,Toyodaya,https://tabelog.com/tw/tokyo/A1312/A131202/13084796/
3.81,リュードパッシー,RUE DE PASSY,https://tabelog.com/tw/tokyo/A1317/A131702/13005155/
3.81,アイボリッシュ 渋谷店,Ivorish,https://tabelog.com/tw/tokyo/A1303/A130301/13167469/
3.81,超純水採麺 天国屋,choujunsuisaimentengokuya,https://tabelog.com/tw/tokyo/A1327/A132701/13162732/
3.81,ル パン ドゥ ジョエル･ロブション ニュウマン新宿店,Rupandwujoerurobushon,https://tabelog.com/tw/tokyo/A1304/A130401/13193559/
3.81,レストラン フウ,Restaurant FEU,https://tabelog.com/tw/tokyo/A1307/A130701/13001975/
3.81,エンジン,ENGINE,https://tabelog.com/tw/tokyo/A1309/A130905/13178164/
3.81,メンドコロ キナリ,Mendokorokinari,https://tabelog.com/tw/tokyo/A1319/A131901/13221001/
3.81,あざぶ 一期,Azabuichigo,https://tabelog.com/tw/tokyo/A1307/A130702/13021784/
3.81,銀座 kappou ukai,Kappou Ukai,https://tabelog.com/tw/tokyo/A1301/A130103/13167887/
3.81,il tram,irutoramu,https://tabelog.com/tw/tokyo/A1313/A131303/13157110/
3.81,An Di,An Di,https://tabelog.com/tw/tokyo/A1306/A130603/13209346/
3.81,TAKAZAWA,TAKAZAWA,https://tabelog.com/tw/tokyo/A1308/A130801/13019663/
3.81,すし岩瀬,Sushiiwase,https://tabelog.com/tw/tokyo/A1304/A130401/13146391/
3.81,キュイソン ルカ,Kyuisonruka,https://tabelog.com/tw/tokyo/A1317/A131710/13160141/
3.81,こまつ,Komatsu,https://tabelog.com/tw/tokyo/A1302/A130203/13170814/
3.81,マツシマ,Matsushima,https://tabelog.com/tw/tokyo/A1318/A131811/13195689/
3.81,バー シェイク,Bar Shake,https://tabelog.com/tw/tokyo/A1301/A130101/13057637/
3.81,三菊,Sangiku,https://tabelog.com/tw/tokyo/A1309/A130905/13047247/
3.81,鮨 いしやま,Sushiishiyama,https://tabelog.com/tw/tokyo/A1301/A130101/13225073/
3.81,鮨心,Sushikokoro,https://tabelog.com/tw/tokyo/A1309/A130905/13159159/
3.80,浪花家総本店,Naniwayasouhonten,https://tabelog.com/tw/tokyo/A1307/A130702/13002775/
3.80,手打うどん すみた,Teuchiudonsumita,https://tabelog.com/tw/tokyo/A1323/A132305/13003783/
3.80,アーンドラ・ダイニング 銀座,Andhra Dining GINZA,https://tabelog.com/tw/tokyo/A1301/A130101/13136701/
3.80,スパイスカフェ,SPICE Cafe,https://tabelog.com/tw/tokyo/A1312/A131203/13002935/
3.80,ダンディゾン,Dans Dix ans,https://tabelog.com/tw/tokyo/A1320/A132001/13005834/
3.80,ムルギー,Murugi,https://tabelog.com/tw/tokyo/A1303/A130301/13001732/
3.80,とんかつ檍 大門店,tonkatsuaoki,https://tabelog.com/tw/tokyo/A1314/A131401/13190933/
3.80,銀座 しまだ,Shimada,https://tabelog.com/tw/tokyo/A1301/A130101/13136359/
3.80,神名備,Kamunabi,https://tabelog.com/tw/tokyo/A1311/A131105/13006070/
3.80,竹末東京Premium,takematsutoukyoupuremiamu,https://tabelog.com/tw/tokyo/A1312/A131203/13167920/
3.80,ルカンケ,REQUINQUER,https://tabelog.com/tw/tokyo/A1316/A131602/13099717/
3.80,レストラン タテル ヨシノ 銀座,Restaurant tateru yoshino Ginza,https://tabelog.com/tw/tokyo/A1301/A130101/13055145/
3.80,AOSAN,Aosan,https://tabelog.com/tw/tokyo/A1326/A132601/13047751/
3.80,旧ヤム邸  シモキタ荘,kyuuyamutei,https://tabelog.com/tw/tokyo/A1318/A131802/13211142/
3.80,麺や金時,Menyakintoki,https://tabelog.com/tw/tokyo/A1321/A132101/13139195/
3.80,ダム・ジャンヌ,Dame-Jeanne,https://tabelog.com/tw/tokyo/A1303/A130301/13053893/
3.80,ル・ジャルダン・ブルー,LE JARDIN BLEU,https://tabelog.com/tw/tokyo/A1327/A132702/13023266/
3.80,焼鳥 おがわ,Yakitoriogawa,https://tabelog.com/tw/tokyo/A1309/A130903/13158357/
3.80,銀座 とよだ,Toyoda,https://tabelog.com/tw/tokyo/A1301/A130101/13009543/
3.80,広尾はしづめ,Hashidume,https://tabelog.com/tw/tokyo/A1307/A130703/13141454/
3.80,蕎麦切り 酒 大愚,Sobakirisaketaigu,https://tabelog.com/tw/tokyo/A1308/A130802/13130565/
3.80,リナシメント,RINASCIMENTO,https://tabelog.com/tw/tokyo/A1317/A131701/13201061/
3.80,銀座 座屋,Izariya,https://tabelog.com/tw/tokyo/A1301/A130101/13060453/
3.80,Le Bonze,Le Bonze,https://tabelog.com/tw/tokyo/A1301/A130101/13144110/
3.80,レガーロ,Regalo,https://tabelog.com/tw/tokyo/A1318/A131810/13057629/
3.80,ハインツ・ベック,HEINZ BECK,https://tabelog.com/tw/tokyo/A1302/A130201/13173596/
3.80,モンプチコションローズ,Mon Petit Cochon Rose,https://tabelog.com/tw/tokyo/A1323/A132301/13147009/
3.80,ユーゴ アンド ヴィクトール 伊勢丹新宿店,yu-goandovikuto-ru,https://tabelog.com/tw/tokyo/A1304/A130401/13187714/
3.80,ブリコラージュ ブレッド アンド カンパニー ベーカリー,Burikoraajiyuburetsudoandokampanii,https://tabelog.com/tw/tokyo/A1307/A130701/13222794/
3.80,花のれん 花楽,hananorenkagura,https://tabelog.com/tw/tokyo/A1308/A130801/13108211/
3.80,バー キサラ,Bar kisala,https://tabelog.com/tw/tokyo/A1308/A130801/13116198/
3.80,鮨 福元,Sushifukumoto,https://tabelog.com/tw/tokyo/A1318/A131802/13019424/
3.80,銀座くどう,Ginzakudou,https://tabelog.com/tw/tokyo/A1301/A130101/13212919/
3.80,スペイン料理サルデスカ,Supeinryourisarudesuka,https://tabelog.com/tw/tokyo/A1311/A131104/13196197/
3.80,LOOP,LOOP,https://tabelog.com/tw/tokyo/A1305/A130503/13213372/
3.80,栞庵 やましろ,Shiorian Yamashiro,https://tabelog.com/tw/tokyo/A1301/A130101/13154719/
3.80,川田,Kawada,https://tabelog.com/tw/tokyo/A1302/A130204/13232330/
3.80,フレンチモンスター,FRENCH MONSTAR,https://tabelog.com/tw/tokyo/A1307/A130701/13190544/
3.80,つきじやまもと,Tsukijiyamamoto,https://tabelog.com/tw/tokyo/A1313/A131301/13012803/
3.79,ブラザーズ 人形町本店,BROZERS',https://tabelog.com/tw/tokyo/A1302/A130204/13003002/
3.79,並木藪蕎麦,Namikiyabusoba,https://tabelog.com/tw/tokyo/A1311/A131102/13003650/
3.79,とんかつ檍 蒲田店,Aoki,https://tabelog.com/tw/tokyo/A1315/A131503/13114843/
3.79,はつね,Hatsune,https://tabelog.com/tw/tokyo/A1319/A131907/13000717/
3.79,ラ・ピッコラ・ターヴォラ,La Piccola Tavola,https://tabelog.com/tw/tokyo/A1318/A131805/13005575/
3.79,焼肉 ジャンボ 白金,Jumbo Shirokane,https://tabelog.com/tw/tokyo/A1316/A131602/13026377/
3.79,あげづき,Ageduki,https://tabelog.com/tw/tokyo/A1309/A130905/13107796/
3.79,龍天門,Ryuutemmon,https://tabelog.com/tw/tokyo/A1303/A130302/13004490/
3.79,南インド料理ダクシン 八重洲店,Truly south indian dakshin yaesu,https://tabelog.com/tw/tokyo/A1302/A130202/13117635/
3.79,のもと家,Nomotoya,https://tabelog.com/tw/tokyo/A1314/A131401/13170377/
3.79,ザ・ペニンシュラ ブティック＆カフェ,The Peninsula Boutique & Cafe,https://tabelog.com/tw/tokyo/A1301/A130102/13043019/
3.79,トラットリア タンタボッカ,trattoria Tanta Bocca,https://tabelog.com/tw/tokyo/A1304/A130403/13058484/
3.79,焼肉 うしごろ 西麻布本店,Ushigoro Nishiazabu,https://tabelog.com/tw/tokyo/A1307/A130701/13124592/
3.79,生粋,Namaiki,https://tabelog.com/tw/tokyo/A1311/A131101/13165294/
3.79,パティスリー SATSUKI,Pathisurisatsuki,https://tabelog.com/tw/tokyo/A1308/A130803/13000178/
3.79,麺処 びぎ屋,Mendokorobigiya,https://tabelog.com/tw/tokyo/A1317/A131702/13093976/
3.79,町田汁場 しおらーめん進化 町田駅前店,Machidashirubashioramenshinka,https://tabelog.com/tw/tokyo/A1327/A132701/13165085/
3.79,はまの屋パーラー,Hamanoyapara,https://tabelog.com/tw/tokyo/A1301/A130102/13041024/
3.79,筑紫樓 銀座店,Tsukushiro,https://tabelog.com/tw/tokyo/A1301/A130101/13030770/
3.79,レストラン香味屋,Resutorankamiya,https://tabelog.com/tw/tokyo/A1311/A131104/13003752/
3.79,たんたん亭,Tantantei,https://tabelog.com/tw/tokyo/A1318/A131805/13000705/
3.79,THE BURGER STAND FELLOWS,zaba-ga-sutandofero-zu,https://tabelog.com/tw/tokyo/A1306/A130602/13020792/
3.79,赤坂 みすじ,Misuji,https://tabelog.com/tw/tokyo/A1308/A130801/13114946/
3.79,らぁ麺やまぐち 辣式,Ramenyamaguchiratsushiki,https://tabelog.com/tw/tokyo/A1313/A131303/13186890/
3.79,赤坂 津つ井 総本店,Akasakatsutsui,https://tabelog.com/tw/tokyo/A1307/A130701/13002829/
3.79,ガレットリア,Galettoria,https://tabelog.com/tw/tokyo/A1303/A130301/13045560/
3.79,南青山エッセンス,minamiaoyamaessensu,https://tabelog.com/tw/tokyo/A1306/A130602/13039870/
3.79,玄蕎麦 野中,Gensoba Nonaka,https://tabelog.com/tw/tokyo/A1321/A132102/13002725/
3.79,チャイブレイク,chai break,https://tabelog.com/tw/tokyo/A1320/A132001/13098849/
3.79,メゾン ポール・ボキューズ,Maison Paul Bocuse,https://tabelog.com/tw/tokyo/A1303/A130303/13040327/
3.79,アルチザン・ブーランジェ・クピド,ARTISAN BOULANGER CUPIDO,https://tabelog.com/tw/tokyo/A1317/A131711/13035704/
3.79,卍力,Manriki,https://tabelog.com/tw/tokyo/A1313/A131305/13168253/
3.79,レフェクトワール,REFECTOIRE,https://tabelog.com/tw/tokyo/A1306/A130601/13149666/
3.79,デュ バリー,du Barry,https://tabelog.com/tw/tokyo/A1317/A131705/13110276/
3.79,神泉いちのや,shinsenichinoya,https://tabelog.com/tw/tokyo/A1303/A130301/13004659/
3.79,明神下 神田川 本店,myoujinshitakakandagawa,https://tabelog.com/tw/tokyo/A1310/A131002/13000346/
3.79,パティスリー レザネフォール 恵比寿本店,Patisserie Les Annees Folles,https://tabelog.com/tw/tokyo/A1303/A130302/13149501/
3.79,喜寿司,Kizushi,https://tabelog.com/tw/tokyo/A1302/A130204/13003041/
3.79,はすの里 新御徒町本店,hasunosato,https://tabelog.com/tw/tokyo/A1311/A131101/13181146/
3.79,Bistaurant RNSQ,bisutoranerenesuku,https://tabelog.com/tw/tokyo/A1307/A130702/13100545/
3.79,小笹寿し,Kozasazushi,https://tabelog.com/tw/tokyo/A1301/A130103/13000569/
3.79,シェ オリビエ,Chez Olivier,https://tabelog.com/tw/tokyo/A1309/A130904/13097060/
3.79,カリ～　アンド　スパイスバル　カリ～ビト,kari-andosupaisubarukari-bito,https://tabelog.com/tw/tokyo/A1309/A130905/13186472/
3.79,萬屋 おかげさん,Yorozuya Okagesan,https://tabelog.com/tw/tokyo/A1309/A130903/13025617/
3.79,季旬 鈴なり,Kishunsuzunari,https://tabelog.com/tw/tokyo/A1309/A130903/13023513/
3.79,エリックサウスマサラダイナー,Erikkusausumasaradaina,https://tabelog.com/tw/tokyo/A1303/A130301/13220984/
3.79,TERROIR Kawabata,terowa-rukawabata,https://tabelog.com/tw/tokyo/A1310/A131002/13173446/
3.79,越後屋若狭,Echigoyawakasa,https://tabelog.com/tw/tokyo/A1312/A131201/13046248/
3.79,哥利歐,GORIO,https://tabelog.com/tw/tokyo/A1301/A130103/13002356/
3.79,ウェスティン デリ,Wesuthinderi,https://tabelog.com/tw/tokyo/A1303/A130302/13058533/
3.79,チッタ アルタ,CITTA' ALTA,https://tabelog.com/tw/tokyo/A1310/A131003/13091849/
3.79,グリグリ,Gri-gri,https://tabelog.com/tw/tokyo/A1307/A130702/13149114/
3.79,ペルー料理 bepocah,Bepocah,https://tabelog.com/tw/tokyo/A1306/A130601/13153983/
3.79,一即夛,Isshokutaissokutaichisokuta,https://tabelog.com/tw/tokyo/A1307/A130701/13023340/
3.79,焼鳥 うの,Yakitoriuno,https://tabelog.com/tw/tokyo/A1317/A131711/13130757/
3.79,奈可久,Nakahisa,https://tabelog.com/tw/tokyo/A1307/A130701/13001886/
3.79,アンビグラム,AMBIGRAM,https://tabelog.com/tw/tokyo/A1307/A130703/13144328/
3.79,ダ オルモ,Daorumo,https://tabelog.com/tw/tokyo/A1307/A130704/13147603/
3.79,カルーソー,Karuso,https://tabelog.com/tw/tokyo/A1304/A130401/13111408/
3.79,カフェ ミクニズ,CAFE MIKUNI'S,https://tabelog.com/tw/tokyo/A1309/A130902/13195041/
3.79,うなぎ 赤坂 勢きね,Unagiakasakasekine,https://tabelog.com/tw/tokyo/A1307/A130701/13039787/
3.79,Le Ciel,Le Ciel,https://tabelog.com/tw/tokyo/A1325/A132503/13199145/
3.79,龍吟,RyuGin,https://tabelog.com/tw/tokyo/A1301/A130102/13001457/
3.79,カエサリオン,Kaesarion,https://tabelog.com/tw/tokyo/A1318/A131811/13002011/
3.79,オルタナティブ,Alternative,https://tabelog.com/tw/tokyo/A1307/A130701/13200186/
3.78,ミート矢澤,Mitoyazawa,https://tabelog.com/tw/tokyo/A1316/A131603/13042320/
3.78,風雲児,Fuuunji,https://tabelog.com/tw/tokyo/A1304/A130401/13044091/
3.78,カリーライス専門店エチオピア 本店,Kariraisusemmontenechiopia,https://tabelog.com/tw/tokyo/A1310/A131003/13000638/
3.78,神田まつや,Kandamatsuya,https://tabelog.com/tw/tokyo/A1310/A131002/13000340/
3.78,こうかいぼう,Koukaibou,https://tabelog.com/tw/tokyo/A1313/A131303/13005052/
3.78,ピッツエリア エ トラットリア ダ イーサ,Pizzeria e trattoria da ISA,https://tabelog.com/tw/tokyo/A1317/A131701/13103245/
3.78,はやし,Hayashi,https://tabelog.com/tw/tokyo/A1303/A130301/13003367/
3.78,かんだやぶそば,Kandayabusoba,https://tabelog.com/tw/tokyo/A1310/A131002/13000334/
3.78,グルガオン,GURGAON,https://tabelog.com/tw/tokyo/A1301/A130101/13002457/
3.78,ファイヤーハウス,FIRE HOUSE,https://tabelog.com/tw/tokyo/A1310/A131004/13003538/
3.78,駒形どぜう 本店,Komagatadojou,https://tabelog.com/tw/tokyo/A1311/A131102/13003684/
3.78,お好み焼 きじ 丸の内店,Okonomiyakikiji,https://tabelog.com/tw/tokyo/A1302/A130201/13020110/
3.78,焼肉問屋 牛蔵,Gyuzo,https://tabelog.com/tw/tokyo/A1321/A132102/13008910/
3.78,たいやき わかば,Taiyakiwakaba,https://tabelog.com/tw/tokyo/A1309/A130902/13000848/
3.78,ブラッカウズ,BLACOWS,https://tabelog.com/tw/tokyo/A1303/A130302/13096437/
3.78,とんかつ とんき 目黒本店,tonkatsutonki,https://tabelog.com/tw/tokyo/A1316/A131601/13002040/
3.78,麺や 七彩,Menyashichisai,https://tabelog.com/tw/tokyo/A1302/A130203/13184399/
3.78,聖林館,Seirinkan,https://tabelog.com/tw/tokyo/A1317/A131701/13003188/
3.78,柳屋,Yanagiya,https://tabelog.com/tw/tokyo/A1302/A130204/13003065/
3.78,墨繪パン 新宿店,suminoepan,https://tabelog.com/tw/tokyo/A1304/A130401/13000762/
3.78,ラ・ベットラ・ダ・オチアイ,LA BETTOLA da Ochiai,https://tabelog.com/tw/tokyo/A1313/A131301/13002504/
3.78,香妃園,Kouhien,https://tabelog.com/tw/tokyo/A1307/A130701/13001271/
3.78,東京 芝 とうふ屋うかい,toukyoushibatoufuyaukai,https://tabelog.com/tw/tokyo/A1314/A131401/13019665/
3.78,パルテノペ 恵比寿店,Partenope,https://tabelog.com/tw/tokyo/A1303/A130302/13005480/
3.78,ニルワナム 神谷町店,Nirvanam,https://tabelog.com/tw/tokyo/A1307/A130704/13019915/
3.78,フランクリン・アベニュー,Furankurinabeni,https://tabelog.com/tw/tokyo/A1316/A131603/13001556/
3.78,ラミティエ,Ramithie,https://tabelog.com/tw/tokyo/A1305/A130503/13004131/
3.78,麗郷 渋谷店,Reikyou,https://tabelog.com/tw/tokyo/A1303/A130301/13001805/
3.78,総本家更科堀井 本店,Souhonkesarashinahorii,https://tabelog.com/tw/tokyo/A1307/A130702/13001226/
3.78,おおぜき中華そば店,Oozekichuukasobaten,https://tabelog.com/tw/tokyo/A1303/A130302/13147623/
3.78,ブノワ,BENOIT,https://tabelog.com/tw/tokyo/A1306/A130602/13019489/
3.78,岸田屋,Kishidaya,https://tabelog.com/tw/tokyo/A1313/A131302/13002239/
3.78,カーン・ケバブ・ビリヤニ,KHAN KEBAB BIRYANI,https://tabelog.com/tw/tokyo/A1301/A130103/13170211/
3.78,ベーカーバウンス,Bekabaunsu,https://tabelog.com/tw/tokyo/A1317/A131706/13004780/
3.78,たん焼 忍,Tanyakishinobushinobu,https://tabelog.com/tw/tokyo/A1309/A130903/13000943/
3.78,ラトリエ ドゥ ジョエル・ロブション,L'ATELIER de Joel Robuchon,https://tabelog.com/tw/tokyo/A1307/A130701/13005334/
3.78,宇ち多゛,Uchida,https://tabelog.com/tw/tokyo/A1324/A132403/13003087/
3.78,デリー 銀座店,DELHI,https://tabelog.com/tw/tokyo/A1301/A130101/13002616/
3.78,まんてん鮨 丸の内,Mantenzushi,https://tabelog.com/tw/tokyo/A1302/A130201/13096429/
3.78,室町砂場,Muromachisunaba,https://tabelog.com/tw/tokyo/A1310/A131002/13000316/
3.78,はせ川,Hasegawa,https://tabelog.com/tw/tokyo/A1312/A131201/13019126/
3.78,ベトナムちゃん,Betonamuchan,https://tabelog.com/tw/tokyo/A1304/A130404/13122530/
3.78,正泰苑 芝大門店,Shoutaien,https://tabelog.com/tw/tokyo/A1314/A131401/13005213/
3.78,うちたて家,Uchitateya,https://tabelog.com/tw/tokyo/A1305/A130501/13003889/
3.78,伊勢廣 京橋本店,Isehiro,https://tabelog.com/tw/tokyo/A1302/A130202/13000541/
3.78,レッグオンダイナー,Reg-On Diner,https://tabelog.com/tw/tokyo/A1303/A130301/13054359/
3.78,鳥つね自然洞,Toritsuneshizendou,https://tabelog.com/tw/tokyo/A1311/A131101/13005547/
3.78,ラス,L'AS,https://tabelog.com/tw/tokyo/A1306/A130602/13137097/
3.78,本とさや,Hontosaya,https://tabelog.com/tw/tokyo/A1311/A131102/13003711/
3.78,京ばし松輪,Kyoubashimatsuwa,https://tabelog.com/tw/tokyo/A1302/A130202/13014384/
3.78,黒猫夜,Kuronekoyoru,https://tabelog.com/tw/tokyo/A1308/A130801/13019152/
3.78,レストラン・サカキ,RESTAURANT SAKAKI,https://tabelog.com/tw/tokyo/A1302/A130202/13002443/
3.78,とんかつ まさむね,tonkatsumasamune,https://tabelog.com/tw/tokyo/A1308/A130801/13156833/
3.78,徳多和良,Tokudawara,https://tabelog.com/tw/tokyo/A1324/A132402/13008682/
3.78,ルグドゥノム ブション リヨネ,Lugdunum Bouchon Lyonnais,https://tabelog.com/tw/tokyo/A1309/A130905/13043985/
3.78,エリオ・ロカンダ・イタリアーナ,Elio Locanda Italiana,https://tabelog.com/tw/tokyo/A1308/A130803/13000293/
3.78,ガラムマサラ,Garamumasara,https://tabelog.com/tw/tokyo/A1318/A131813/13013124/
3.78,マッシモッタヴィオ,MASSIMOTTAVIO,https://tabelog.com/tw/tokyo/A1318/A131805/13132982/
3.78,松翁,Matsuou,https://tabelog.com/tw/tokyo/A1310/A131003/13000604/
3.78,リストランテ ASO,RISTORANTE ASO,https://tabelog.com/tw/tokyo/A1303/A130303/13003356/
3.78,かねます,Kanemasu,https://tabelog.com/tw/tokyo/A1313/A131302/13002243/
3.78,室町 砂場 赤坂店,Muromachisunaba,https://tabelog.com/tw/tokyo/A1308/A130801/13002787/
3.78,燦燦斗,Sansanto,https://tabelog.com/tw/tokyo/A1323/A132304/13038064/
3.78,オーセンティック,Authentic,https://tabelog.com/tw/tokyo/A1308/A130802/13030795/
3.78,ランテルナ・マジカ,TRATTORIA DELLA Lanterna Magica,https://tabelog.com/tw/tokyo/A1316/A131601/13015855/
3.78,ロートンヌ 秋津本店,Rotonnu,https://tabelog.com/tw/tokyo/A1328/A132806/13005967/
3.78,モナリザ 丸の内店,MONNA LISA,https://tabelog.com/tw/tokyo/A1302/A130201/13000302/
3.78,レストラン ひらまつ,Restaurant Hiramatsu,https://tabelog.com/tw/tokyo/A1307/A130703/13001590/
3.78,ダルマット 恵比寿店,DAL-MATTO,https://tabelog.com/tw/tokyo/A1303/A130302/13022514/
3.78,中国酒家 大三元,Chuugokushukadaisangen,https://tabelog.com/tw/tokyo/A1312/A131201/13007985/
3.78,たちばな,Tachibana,https://tabelog.com/tw/tokyo/A1301/A130103/13022189/
3.78,蕎麦 流石,sobasasuga,https://tabelog.com/tw/tokyo/A1301/A130101/13002488/
3.78,ジリオ,Jirio,https://tabelog.com/tw/tokyo/A1301/A130103/13048986/
3.78,Ristorante Cascina Canamilla,Ristorante Cascina Canamilla,https://tabelog.com/tw/tokyo/A1317/A131701/13020531/
3.78,ラーメン巌哲,Ramengantetsu,https://tabelog.com/tw/tokyo/A1305/A130504/13167439/
3.78,黒猫夜 六本木店,Kuronekoyoru,https://tabelog.com/tw/tokyo/A1307/A130701/13115202/
3.78,グラッシェル 表参道店,GLACIEL,https://tabelog.com/tw/tokyo/A1306/A130602/13155816/
3.78,グリル グランド,grill GRAND,https://tabelog.com/tw/tokyo/A1311/A131102/13008702/
3.78,麻布食堂,Azabushokudou,https://tabelog.com/tw/tokyo/A1307/A130703/13001363/
3.78,銀座 八五,Ginzahachigo,https://tabelog.com/tw/tokyo/A1301/A130101/13228602/
3.78,アルジェント,arujento,https://tabelog.com/tw/tokyo/A1301/A130101/13016560/
3.78,ベッラ・ナポリ,BELLA NAPOLI,https://tabelog.com/tw/tokyo/A1312/A131201/13005043/
3.78,手打ちそば 菊谷 巣鴨本店,Teuchisobakikutani,https://tabelog.com/tw/tokyo/A1322/A132201/13127598/
3.78,ラ・トゥーエル,La Tourelle,https://tabelog.com/tw/tokyo/A1309/A130905/13000457/
3.78,初小川,Hatsuogawa,https://tabelog.com/tw/tokyo/A1311/A131102/13003702/
3.78,鳥恵 上野広小路店,Torie,https://tabelog.com/tw/tokyo/A1311/A131101/13128870/
3.78,巴裡 小川軒 新橋店,Pariogawaken,https://tabelog.com/tw/tokyo/A1301/A130103/13024996/
3.78,ベントエマーレ,Pizzeria Vento e Mare,https://tabelog.com/tw/tokyo/A1317/A131710/13114520/
3.78,モノリス,MONOLITH,https://tabelog.com/tw/tokyo/A1303/A130301/13108686/
3.78,弁天山美家古寿司,Bentenyamamiyakozushi,https://tabelog.com/tw/tokyo/A1311/A131102/13003694/
3.78,雪うさぎ,Yukiusagi,https://tabelog.com/tw/tokyo/A1317/A131707/13169308/
3.78,Urth Caffé 表参道,Urth Caffé,https://tabelog.com/tw/tokyo/A1306/A130602/13168569/
3.78,オレンジカウンティ 本店,ORANGE COUNTY,https://tabelog.com/tw/tokyo/A1318/A131814/13096736/
3.78,満月うどん,Mangetsuudon,https://tabelog.com/tw/tokyo/A1329/A132901/13026307/
3.78,クレープリー チロル,Creperie Tirol,https://tabelog.com/tw/tokyo/A1318/A131814/13205650/
3.78,モンブランスタイル,Mont Blanc STYLE,https://tabelog.com/tw/tokyo/A1318/A131810/13221894/
3.78,アフターアワーズ,Afterhours,https://tabelog.com/tw/tokyo/A1318/A131810/13122520/
3.78,BAR五,Bago,https://tabelog.com/tw/tokyo/A1303/A130302/13093230/
3.78,エイトジュール,8 jours,https://tabelog.com/tw/tokyo/A1318/A131802/13157413/
3.77,日本橋 天丼 金子半之助 本店,nihombashitendonkanekohannosuke,https://tabelog.com/tw/tokyo/A1302/A130202/13118694/
3.77,亀十,Kamejuu,https://tabelog.com/tw/tokyo/A1311/A131102/13003655/
3.77,むぎとオリーブ 銀座店,Mugitooribu,https://tabelog.com/tw/tokyo/A1301/A130101/13164932/
3.77,バンタイ,Bantai,https://tabelog.com/tw/tokyo/A1304/A130401/13000085/
3.77,西洋菓子 しろたえ,SIROTAE,https://tabelog.com/tw/tokyo/A1308/A130801/13002850/
3.77,日本橋海鮮丼 つじ半,Nihonbasikaisendon,https://tabelog.com/tw/tokyo/A1302/A130202/13146590/
3.77,ブラッスリー・ヴィロン 渋谷店,Brasserie VIRON,https://tabelog.com/tw/tokyo/A1303/A130301/13004627/
3.77,煉瓦亭,Rengatei,https://tabelog.com/tw/tokyo/A1301/A130101/13002430/
3.77,ザ グレートバーガー,THE GREAT BURGER,https://tabelog.com/tw/tokyo/A1306/A130601/13042654/
3.77,アーンドラ・キッチン,Andhra Kitchen,https://tabelog.com/tw/tokyo/A1311/A131101/13096305/
3.77,マンチズ バーガー シャック,MUNCH'S BURGER SHACK,https://tabelog.com/tw/tokyo/A1314/A131401/13121856/
3.77,アンティーカ・ピッツェリア・ダ・ミケーレ 恵比寿,L'Antica Pizzeria da Michele,https://tabelog.com/tw/tokyo/A1303/A130302/13136144/
3.77,大塚屋,ootsukaya,https://tabelog.com/tw/tokyo/A1309/A130904/13000475/
3.77,かつれつ四谷たけだ,Katsuretsuyotsuyatakeda,https://tabelog.com/tw/tokyo/A1309/A130902/13131643/
3.77,中華そば ふくみみ,chuukasobafukumimi,https://tabelog.com/tw/tokyo/A1326/A132602/13016486/
3.77,新宿割烹 中嶋,Shinjukukappounakajima,https://tabelog.com/tw/tokyo/A1304/A130401/13000959/
3.77,ルー・ド・メール,Loup de mer,https://tabelog.com/tw/tokyo/A1310/A131002/13009148/
3.77,厳選洋食さくらい,Gensenyoushokusakurai,https://tabelog.com/tw/tokyo/A1311/A131101/13003638/
3.77,うさぎや 本店,Usagiya,https://tabelog.com/tw/tokyo/A1302/A130202/13003250/
3.77,エーエス クラシックス ダイナー KOMAZAWA,AS CLASSICS DINER,https://tabelog.com/tw/tokyo/A1317/A131707/13022762/
3.77,まちのパーラー,Machinopara,https://tabelog.com/tw/tokyo/A1321/A132101/13126515/
3.77,シュークリー,Sucre-rie,https://tabelog.com/tw/tokyo/A1302/A130204/13050996/
3.77,トラットリア・築地パラディーゾ,Torattoriatsukidiparadhizo,https://tabelog.com/tw/tokyo/A1313/A131301/13132422/
3.77,アイコウシャ,I-Kousya,https://tabelog.com/tw/tokyo/A1310/A131003/13006525/
3.77,カレーの店 プーさん,kare-nomisepu-san,https://tabelog.com/tw/tokyo/A1325/A132501/13005962/
3.77,食彩 かどた,Shokusaikadota,https://tabelog.com/tw/tokyo/A1303/A130302/13016622/
3.77,廚菓子くろぎ,Kuriyakashikurogi,https://tabelog.com/tw/tokyo/A1310/A131004/13167993/
3.77,にし邑,Nishimura,https://tabelog.com/tw/tokyo/A1301/A130101/13025298/
3.77,SAVOY 麻布十番店,Savoi,https://tabelog.com/tw/tokyo/A1307/A130702/13036875/
3.77,３丁目のカレー屋さん ,Sanchoumenokareyasan,https://tabelog.com/tw/tokyo/A1302/A130202/13025962/
3.77,モナリザ 恵比寿店,MONNA LISA,https://tabelog.com/tw/tokyo/A1303/A130302/13004628/
3.77,肉山,Nikuyama,https://tabelog.com/tw/tokyo/A1320/A132001/13155313/
3.77,松島屋,Matsushimaya,https://tabelog.com/tw/tokyo/A1314/A131403/13007137/
3.77,コチン ニヴァース,COCHIN NIVAS,https://tabelog.com/tw/tokyo/A1304/A130401/13056242/
3.77,鯛塩そば 灯花,taishiosobatouka,https://tabelog.com/tw/tokyo/A1309/A130903/13181527/
3.77,ラ ブティック ドゥ ジョエル・ロブション 恵比寿ガーデンプレイス店,LA BOUTIQUE de Joel Robushon,https://tabelog.com/tw/tokyo/A1303/A130302/13014064/
3.77,シノワ 渋谷店,Chinois,https://tabelog.com/tw/tokyo/A1303/A130301/13004621/
3.77,うなぎ　色川,Unagiirokawa,https://tabelog.com/tw/tokyo/A1311/A131102/13003697/
3.77,イル・ボッカローネ,IL BOCCALONE,https://tabelog.com/tw/tokyo/A1303/A130302/13001646/
3.77,千葉屋,Chibaya,https://tabelog.com/tw/tokyo/A1311/A131102/13008691/
3.77,はん亭 根津本店,Hantei,https://tabelog.com/tw/tokyo/A1311/A131106/13003577/
3.77,旬の味　たき下,Shunnoajitakishita,https://tabelog.com/tw/tokyo/A1307/A130702/13004451/
3.77,同源楼,Dougenrou,https://tabelog.com/tw/tokyo/A1308/A130801/13041758/
3.77,バーガーマニア 白金店,Burger Mania,https://tabelog.com/tw/tokyo/A1316/A131602/13047335/
3.77,東京 土山人,Toukyoudosanjin,https://tabelog.com/tw/tokyo/A1317/A131705/13047472/
3.77,ミ・レイ,Mirei,https://tabelog.com/tw/tokyo/A1315/A131503/13003307/
3.77,いふう,Ifuu,https://tabelog.com/tw/tokyo/A1317/A131701/13018859/
3.77,岡半 本店,Okahan,https://tabelog.com/tw/tokyo/A1301/A130101/13002562/
3.77,ダルマット 西麻布本店,DAL-MATTO,https://tabelog.com/tw/tokyo/A1307/A130701/13016614/
3.77,イル・フィーゴ・インゴルド,Il Figo Ingordo,https://tabelog.com/tw/tokyo/A1307/A130701/13104779/
3.77,桃花源,Toukagen,https://tabelog.com/tw/tokyo/A1301/A130103/13002527/
3.77,アロマクラシコ,Aromakurashiko,https://tabelog.com/tw/tokyo/A1314/A131403/13005730/
3.77,ベッカライ・ブロートハイム,Bekkaraiburotohaimu,https://tabelog.com/tw/tokyo/A1317/A131707/13001529/
3.77,江戸蕎麦ほそ川,Edosobahosokawa,https://tabelog.com/tw/tokyo/A1312/A131201/13002967/
3.77,神田 雲林,Kandayunrin,https://tabelog.com/tw/tokyo/A1310/A131002/13023052/
3.77,オッジ ダルマット 西麻布店,OGGI DAL-MATTO,https://tabelog.com/tw/tokyo/A1307/A130701/13057753/
3.77,小笠原伯爵邸,Ogasawarahakushakutei,https://tabelog.com/tw/tokyo/A1305/A130504/13000998/
3.77,手打ちそば 根津 鷹匠,teuchisobanedutakajou,https://tabelog.com/tw/tokyo/A1311/A131106/13009812/
3.77,もつ焼 まるい,motsuyakimarui,https://tabelog.com/tw/tokyo/A1312/A131203/13002960/
3.77,しながわ翁,Shinagawaokina,https://tabelog.com/tw/tokyo/A1314/A131405/13001865/
3.77,パティスリー カカオエット・パリ,pathisuri-kakaoettopari,https://tabelog.com/tw/tokyo/A1317/A131701/13039525/
3.77,成城アルプス,Seijouarupusu,https://tabelog.com/tw/tokyo/A1318/A131814/13002002/
3.77,七條,Shichijou,https://tabelog.com/tw/tokyo/A1310/A131002/13152996/
3.77,ラ・トリプレッタ,La TRIPLETTA,https://tabelog.com/tw/tokyo/A1317/A131710/13165472/
3.77,サンサール 小岩店,Sansaru,https://tabelog.com/tw/tokyo/A1312/A131204/13009589/
3.77,餃子坊　豚八戒,Gyouzabouchohakkai,https://tabelog.com/tw/tokyo/A1319/A131905/13090377/
3.77,らぁめん 葉月,Haduki,https://tabelog.com/tw/tokyo/A1317/A131714/13008248/
3.77,オーベルジュ・ド・リル トーキョー,Oberujudorirutokyo,https://tabelog.com/tw/tokyo/A1307/A130701/13048701/
3.77,吾妻橋 やぶそば,Adumabashiyabusoba,https://tabelog.com/tw/tokyo/A1311/A131102/13007981/
3.77,手打そば もり,teuchisobamori,https://tabelog.com/tw/tokyo/A1305/A130503/13006046/
3.77,レストラン　ヒロミチ,Resutoranhiromichi,https://tabelog.com/tw/tokyo/A1303/A130302/13090587/
3.77,御膳房,Gozembou,https://tabelog.com/tw/tokyo/A1307/A130701/13001852/
3.77,Ａｕ Ｔｅｍｐｓ Ｊａｄｉｓ,Otanjadhisu,https://tabelog.com/tw/tokyo/A1303/A130301/13003350/
3.77,かんだ光壽,Kandakouju,https://tabelog.com/tw/tokyo/A1310/A131002/13011272/
3.77,レストラン 間,Resutoranaida,https://tabelog.com/tw/tokyo/A1303/A130302/13141463/
3.77,ラ・ヴィエイユ・フランス 本店,LA VIEILLE FRANCE,https://tabelog.com/tw/tokyo/A1318/A131809/13043939/
3.77,インドカレーカーマ,Indokarekama,https://tabelog.com/tw/tokyo/A1310/A131003/13000243/
3.77,中国菜 膳楽房,Chuugokusaizenrakubou,https://tabelog.com/tw/tokyo/A1309/A130905/13156026/
3.77,ラ・マティエール,La Matiere,https://tabelog.com/tw/tokyo/A1309/A130905/13025251/
3.77,ワキヤ 一笑美茶樓,Wakiyaichiemicharou,https://tabelog.com/tw/tokyo/A1308/A130801/13005033/
3.77,焼肉くにもと 本店,Yakinikukunimoto,https://tabelog.com/tw/tokyo/A1314/A131401/13007842/
3.77,やげんぼり 赤坂店,Yagembori,https://tabelog.com/tw/tokyo/A1308/A130801/13002749/
3.77,オクシタニアル 東京本店,Okushitaniaru,https://tabelog.com/tw/tokyo/A1302/A130204/13164246/
3.77,新川デリー,DELHI,https://tabelog.com/tw/tokyo/A1302/A130203/13000644/
3.77,アルカション,ARCACHON,https://tabelog.com/tw/tokyo/A1328/A132801/13023168/
3.77,リストランテ ダ ニーノ,RistorantedaNIno,https://tabelog.com/tw/tokyo/A1307/A130701/13023972/
3.77,コーダリー,Caudalie,https://tabelog.com/tw/tokyo/A1311/A131101/13036146/
3.77,グリル佐久良,Gurirusakura,https://tabelog.com/tw/tokyo/A1311/A131102/13003755/
3.77,リストランテ・ホンダ,RISTORANTE HONDA,https://tabelog.com/tw/tokyo/A1306/A130603/13016590/
3.77,ル サロン ジャック・ボリー,LE SALON JACQUES BORIE,https://tabelog.com/tw/tokyo/A1304/A130401/13149879/
3.77,手打ち蕎麦 成冨,Narutomi,https://tabelog.com/tw/tokyo/A1313/A131301/13023064/
3.77,大衆料理　川治,Kawaji,https://tabelog.com/tw/tokyo/A1302/A130204/13057355/
3.77,楽観 NISHIAZABU GOLD,Rakkannishiazabugorudo,https://tabelog.com/tw/tokyo/A1307/A130701/13191934/
3.77,フジウ,Patisserie du Chef FUJIU,https://tabelog.com/tw/tokyo/A1329/A132903/13006009/
3.77,パティスリー・スリール,Patisserie SOURIRE,https://tabelog.com/tw/tokyo/A1317/A131701/13018799/
3.77,トルッキオ,Torukkio,https://tabelog.com/tw/tokyo/A1309/A130906/13002401/
3.77,レストラン・パッション,PACHON,https://tabelog.com/tw/tokyo/A1303/A130303/13001911/
3.77,麺 酒 やまの,mensakeyamano,https://tabelog.com/tw/tokyo/A1321/A132102/13154616/
3.77,ノリエット,Norietto,https://tabelog.com/tw/tokyo/A1318/A131809/13000687/
3.77,オオハラ エ シーアイイー,OHARA ET CIE,https://tabelog.com/tw/tokyo/A1307/A130701/13005432/
3.77,蕎麦 たじま,sobatajima,https://tabelog.com/tw/tokyo/A1307/A130703/13020154/
3.77,GINZA 水野,Ginzamizuno,https://tabelog.com/tw/tokyo/A1301/A130101/13111900/
3.77,四川家庭料理 珍々,Shisenkateiryourizenzenchinchin,https://tabelog.com/tw/tokyo/A1312/A131204/13020918/
3.77,鳥てる,Toriteru,https://tabelog.com/tw/tokyo/A1314/A131403/13014051/
3.77,眠庵,Nemurian,https://tabelog.com/tw/tokyo/A1310/A131002/13020841/
3.77,ビストロアム,Ame,https://tabelog.com/tw/tokyo/A1303/A130302/13186920/
3.77,安斎,Anzai,https://tabelog.com/tw/tokyo/A1319/A131906/13001105/
3.77,468,Yoroppa,https://tabelog.com/tw/tokyo/A1311/A131102/13035662/
3.77,巽蕎麦 志ま平,tatsumisobashimahei,https://tabelog.com/tw/tokyo/A1309/A130905/13020236/
3.77,ヴァン・ド・レーヴ,Vin de Reve,https://tabelog.com/tw/tokyo/A1301/A130101/13022678/
3.77,RISTORANTE YAGI,RISTORANTE YAGI,https://tabelog.com/tw/tokyo/A1303/A130303/13132568/
3.77,蕎や 月心,Sobayatsukigokoro,https://tabelog.com/tw/tokyo/A1317/A131701/13096494/
3.77,Ostu,Osuto,https://tabelog.com/tw/tokyo/A1318/A131810/13044972/
3.77,琥珀宮,Kohakukyuu,https://tabelog.com/tw/tokyo/A1302/A130201/13141135/
3.77,コム・ア・ラ・メゾン,COMME A LA MAISON,https://tabelog.com/tw/tokyo/A1308/A130801/13002186/
3.77,ル ガリュウＭ,LE GARUE M,https://tabelog.com/tw/tokyo/A1315/A131502/13049633/
3.77,鮨竹,Sushi Take,https://tabelog.com/tw/tokyo/A1301/A130101/13169506/
3.77,中華そば 和渦 TOKYO,Chuukasobawakatoukyou,https://tabelog.com/tw/tokyo/A1314/A131405/13233678/
3.77,ヴァニエール,VANNIER,https://tabelog.com/tw/tokyo/A1326/A132601/13050939/
3.77,バー・ラ・ユロット,Bar la Hulotte,https://tabelog.com/tw/tokyo/A1307/A130702/13030834/
3.77,オクトーブル,OCTOBRE,https://tabelog.com/tw/tokyo/A1317/A131706/13154775/
3.77,酒向Ｂａｒ,Sakouba,https://tabelog.com/tw/tokyo/A1301/A130103/13116754/
3.76,つけ麺 五ノ神製作所 新宿店,tsukemengonokamiseisakujo,https://tabelog.com/tw/tokyo/A1304/A130401/13120708/
3.76,鳥料理 玉ひで,toriryouritamahide,https://tabelog.com/tw/tokyo/A1302/A130204/13003073/
3.76,ポワンエリーニュ,POINT ET LIGNE,https://tabelog.com/tw/tokyo/A1302/A130201/13038468/
3.76,銀座 久兵衛 銀座本店,Ginzakyuubee,https://tabelog.com/tw/tokyo/A1301/A130103/13002611/
3.76,ソラノイロ Japanese soup noodle free style 本店,soranoirojapani-zusu-punu-dorufuri-sutairu,https://tabelog.com/tw/tokyo/A1308/A130803/13126816/
3.76,ひみつ堂,Himitsudou,https://tabelog.com/tw/tokyo/A1311/A131106/13126796/
3.76,新橋 纏,Shimbashimatoi,https://tabelog.com/tw/tokyo/A1301/A130103/13156937/
3.76,ナプレ 南青山本店 ,Napule,https://tabelog.com/tw/tokyo/A1306/A130602/13003493/
3.76,ぼんご,Bongo,https://tabelog.com/tw/tokyo/A1323/A132302/13003791/
3.76,ラ ブティック ドゥ ジョエル・ロブション 丸の内ブリックスクエア店,Rabuthikkudojoerurobushon,https://tabelog.com/tw/tokyo/A1302/A130201/13096409/
3.76,Bistro ひつじや,Bisutorohitsujiya,https://tabelog.com/tw/tokyo/A1304/A130403/13000682/
3.76,上野藪そば,Uenoyabusoba,https://tabelog.com/tw/tokyo/A1311/A131101/13003594/
3.76,大衆割烹 三州屋 銀座店 ,Taishuukappousanshuuya,https://tabelog.com/tw/tokyo/A1301/A130101/13002473/
3.76,ピッツェリアジージー 吉祥寺,Pizzeria GG,https://tabelog.com/tw/tokyo/A1320/A132001/13047308/
3.76,麺屋 Hulu-lu,menyafururu,https://tabelog.com/tw/tokyo/A1305/A130501/13136428/
3.76,ポワンタージュ,pointage,https://tabelog.com/tw/tokyo/A1307/A130702/13004566/
3.76,玉ゐ 本店,Tamai,https://tabelog.com/tw/tokyo/A1302/A130202/13019904/
3.76,土手の伊勢屋,Dotenoiseya,https://tabelog.com/tw/tokyo/A1324/A132401/13003745/
3.76,おけ以,Okei,https://tabelog.com/tw/tokyo/A1309/A130905/13000410/
3.76,ブラッスリー・グー,Brasserie Gus,https://tabelog.com/tw/tokyo/A1309/A130905/13000470/
3.76,銀座うかい亭,GINZA Ukai-tei,https://tabelog.com/tw/tokyo/A1301/A130101/13002367/
3.76,根津 釜竹,nedukamachiku,https://tabelog.com/tw/tokyo/A1311/A131106/13020252/
3.76,志むら,Shimura,https://tabelog.com/tw/tokyo/A1305/A130502/13003855/
3.76,韻松亭,Inshoutei,https://tabelog.com/tw/tokyo/A1311/A131101/13003560/
3.76,神田きくかわ 神田店,Kandakikukawa,https://tabelog.com/tw/tokyo/A1310/A131002/13000339/
3.76,ザ・カリ,The KARI,https://tabelog.com/tw/tokyo/A1301/A130103/13007129/
3.76,フルーツパーラーゴトー,Furutsuparagoto,https://tabelog.com/tw/tokyo/A1311/A131102/13095672/
3.76,やき鳥 宮川,Yakitorimiyagawa,https://tabelog.com/tw/tokyo/A1302/A130203/13008082/
3.76,瑞穂,Mizuho,https://tabelog.com/tw/tokyo/A1306/A130601/13001154/
3.76,珉珉,Mimmin,https://tabelog.com/tw/tokyo/A1306/A130603/13001342/
3.76,茶亭 羽當,Chateihatou,https://tabelog.com/tw/tokyo/A1303/A130301/13001169/
3.76,銀座 シェ・トモ,GINZA chez tomo,https://tabelog.com/tw/tokyo/A1301/A130101/13097935/
3.76,新世界菜館,Shinsekaisaikan,https://tabelog.com/tw/tokyo/A1310/A131003/13000411/
3.76,三河屋,Mikawaya,https://tabelog.com/tw/tokyo/A1307/A130701/13001331/
3.76,川香苑 本店,Senkouen,https://tabelog.com/tw/tokyo/A1304/A130401/13043276/
3.76,カカオ サンパカ 丸の内本店,CACAO SAMPAKA,https://tabelog.com/tw/tokyo/A1302/A130201/13096438/
3.76,鶏そば  ムタヒロ 2号店,Mutahiro,https://tabelog.com/tw/tokyo/A1325/A132502/13147068/
3.76,アヒリヤ 代々木店,AHILYA,https://tabelog.com/tw/tokyo/A1304/A130403/13009222/
3.76,ホットケーキパーラー フルフル 赤坂店,Fru-Full,https://tabelog.com/tw/tokyo/A1308/A130801/13155288/
3.76,ラーメン燈郎,Ramentourou,https://tabelog.com/tw/tokyo/A1312/A131204/13128244/
3.76,だるまや餅菓子店,Darumayamochigashiten,https://tabelog.com/tw/tokyo/A1323/A132304/13008769/
3.76,シェイクツリー バーガー＆バー,shake tree burger&bar,https://tabelog.com/tw/tokyo/A1312/A131201/13134063/
3.76,パティスリー イル・プルー・シュル・ラ・セーヌ,IL PLEUT SUR LA SEINE,https://tabelog.com/tw/tokyo/A1303/A130303/13001912/
3.76,利庵,Toshian,https://tabelog.com/tw/tokyo/A1316/A131602/13001587/
3.76,テコナ　ベーグルワークス,tecona bagel works,https://tabelog.com/tw/tokyo/A1318/A131810/13061492/
3.76,イタリア料理 フィオレンツァ,Fiorenza,https://tabelog.com/tw/tokyo/A1301/A130101/13043356/
3.76,ケシキ,Keshiki,https://tabelog.com/tw/tokyo/A1302/A130202/13020364/
3.76,一幸庵,Ikkouan,https://tabelog.com/tw/tokyo/A1323/A132302/13005076/
3.76,中華香彩JASMINE,Chuukakousaijasumin,https://tabelog.com/tw/tokyo/A1303/A130302/13123634/
3.76,豚組,Butagumi,https://tabelog.com/tw/tokyo/A1307/A130701/13004791/
3.76,鳥ふじ,Torifuji,https://tabelog.com/tw/tokyo/A1302/A130203/13038830/
3.76,渋谷 森本,shibuyamorimoto,https://tabelog.com/tw/tokyo/A1303/A130301/13001787/
3.76,佐賀牛 季楽 銀座 ,Kira Ginza,https://tabelog.com/tw/tokyo/A1301/A130101/13020504/
3.76,すぱいす,Supaisu,https://tabelog.com/tw/tokyo/A1319/A131906/13004379/
3.76,味芳斎 本店,Mihousai,https://tabelog.com/tw/tokyo/A1314/A131401/13013153/
3.76,フルーツカフェ　フルータス,Furutsukafefurutasu,https://tabelog.com/tw/tokyo/A1313/A131303/13056677/
3.76,賛否両論,Sampiryouron,https://tabelog.com/tw/tokyo/A1307/A130703/13001542/
3.76,龍の子,Ryuunoko,https://tabelog.com/tw/tokyo/A1306/A130601/13001219/
3.76,川栄,Kawaei,https://tabelog.com/tw/tokyo/A1323/A132305/13008753/
3.76,ヌガ,Le Nougat,https://tabelog.com/tw/tokyo/A1301/A130101/13048464/
3.76,ピッツェリア イル・タンブレッロ,PIZZERIA IL TAMBURELLO,https://tabelog.com/tw/tokyo/A1302/A130204/13114239/
3.76,中華そば さとう,Chuukasobasatou,https://tabelog.com/tw/tokyo/A1315/A131504/13132475/
3.76,登龍 麻布店,Touryuu,https://tabelog.com/tw/tokyo/A1307/A130702/13001659/
3.76,打心蕎庵,Dashinsoan,https://tabelog.com/tw/tokyo/A1318/A131802/13028732/
3.76,すぎ田,Sugita,https://tabelog.com/tw/tokyo/A1311/A131103/13003707/
3.76,めだかタンタン,Medakatantan,https://tabelog.com/tw/tokyo/A1329/A132902/13172508/
3.76,シグネチャー,SIGNATURE,https://tabelog.com/tw/tokyo/A1302/A130202/13020360/
3.76,四川,Shisen,https://tabelog.com/tw/tokyo/A1316/A131602/13000014/
3.76,山葵,Wasabi,https://tabelog.com/tw/tokyo/A1302/A130204/13008075/
3.76,エンボカ 東京,en boca,https://tabelog.com/tw/tokyo/A1318/A131811/13040937/
3.76,ジョンティ,Gentil,https://tabelog.com/tw/tokyo/A1311/A131103/13091587/
3.76,アンティカ・オステリア・デル・ポンテ,Anthikaosuteriaderuponte,https://tabelog.com/tw/tokyo/A1302/A130201/13004061/
3.76,馥香 浅草橋本店,Fushan,https://tabelog.com/tw/tokyo/A1311/A131103/13010780/
3.76,米久本店,Yonekyuuhonten,https://tabelog.com/tw/tokyo/A1311/A131102/13003667/
3.76,御菓子処 さゝま,Okashidokorosasama,https://tabelog.com/tw/tokyo/A1310/A131003/13000627/
3.76,アントニオ 南青山本店,Antonio,https://tabelog.com/tw/tokyo/A1306/A130602/13003490/
3.76,和光ティーサロン,Wakouthisaron,https://tabelog.com/tw/tokyo/A1301/A130101/13009081/
3.76,本石亭,Hongokutei,https://tabelog.com/tw/tokyo/A1302/A130202/13046781/
3.76,ぽん太,Ponta,https://tabelog.com/tw/tokyo/A1303/A130303/13001729/
3.76,KEISUKE MATSUSHIMA,Keisukematsushima,https://tabelog.com/tw/tokyo/A1306/A130601/13091871/
3.76,PARLA,PARLA,https://tabelog.com/tw/tokyo/A1306/A130603/13174527/
3.76,バードコート,ba-doko-to,https://tabelog.com/tw/tokyo/A1324/A132402/13003769/
3.76,馬来西亜マレー,Mareshiamare,https://tabelog.com/tw/tokyo/A1318/A131814/13091996/
3.76,分とく山,Waketokuyama,https://tabelog.com/tw/tokyo/A1307/A130703/13005469/
3.76,そばきり 日曜庵,sobakirinichiyouan,https://tabelog.com/tw/tokyo/A1324/A132403/13009588/
3.76,京粕漬 魚久  銀座店,Kyoukasudukeuokyuu,https://tabelog.com/tw/tokyo/A1301/A130101/13005687/
3.76,萬来園,Banraien,https://tabelog.com/tw/tokyo/A1315/A131501/13001657/
3.76,西荻窪 鞍馬,nishiogikubokurama,https://tabelog.com/tw/tokyo/A1319/A131907/13000716/
3.76,タランテッラ ダ ルイジ,TARANTELLA da luigi,https://tabelog.com/tw/tokyo/A1316/A131602/13122166/
3.76,タワーズレストラン クーカーニョ,COUCAGNO,https://tabelog.com/tw/tokyo/A1303/A130301/13001905/
3.76,ひょうたん屋 1丁目店,Hyoutanya,https://tabelog.com/tw/tokyo/A1301/A130101/13002434/
3.76,パティスリー・サダハルアオキ・パリ 新宿伊勢丹店,Patisserie Sadaharu AOKI Pari's,https://tabelog.com/tw/tokyo/A1304/A130401/13032302/
3.76,うなぎ秋本,unagiakimoto,https://tabelog.com/tw/tokyo/A1308/A130803/13000415/
3.76,ロートンヌ 中野店,L'AUTOMNE,https://tabelog.com/tw/tokyo/A1321/A132101/13118933/
3.76,SEN YO,Senyou,https://tabelog.com/tw/tokyo/A1319/A131904/13135036/
3.76,ぼたん,Botan,https://tabelog.com/tw/tokyo/A1310/A131002/13000336/
3.76,蕎麦懐石 無庵,Muan,https://tabelog.com/tw/tokyo/A1329/A132901/13005984/
3.76,和創作 太,Wasousakuta,https://tabelog.com/tw/tokyo/A1316/A131601/13034770/
3.76,竹爐山房,Chikurosambou,https://tabelog.com/tw/tokyo/A1320/A132001/13005839/
3.76,源烹輪,Gempourin,https://tabelog.com/tw/tokyo/A1321/A132102/13005640/
3.76,築地 布恒更科,Tsukijinunotsunesarashina,https://tabelog.com/tw/tokyo/A1313/A131301/13007659/
3.76,ヴォーロ・コズィ,Volo Cosi,https://tabelog.com/tw/tokyo/A1323/A132301/13024116/
3.76,黒猫夜 銀座店,Kuronekoyoru,https://tabelog.com/tw/tokyo/A1301/A130101/13162692/
3.76,ラ・リューン,La Lune,https://tabelog.com/tw/tokyo/A1307/A130702/13002869/
3.76,馬来風光美食,Maraifuukoubishoku,https://tabelog.com/tw/tokyo/A1319/A131906/13005578/
3.76,ラ・ビュット・ボワゼ,Rabittobowaze,https://tabelog.com/tw/tokyo/A1317/A131703/13003102/
3.76,はし本,Hashimoto,https://tabelog.com/tw/tokyo/A1309/A130905/13018616/
3.76,ボンシュマン,Bonshuman,https://tabelog.com/tw/tokyo/A1317/A131702/13003431/
3.76,ラ・プレシューズ 四谷店,Rapureshuzu,https://tabelog.com/tw/tokyo/A1309/A130902/13138331/
3.76,オールドインペリアル バー,Orudoimperiaruba,https://tabelog.com/tw/tokyo/A1301/A130102/13002169/
3.76,サロン ベイクアンドティー,SALON BAKE&TEA,https://tabelog.com/tw/tokyo/A1304/A130401/13193544/
3.76,家全七福酒家 SEVENTH SON RESTAURANT 丸ビル店,Fukurimmon,https://tabelog.com/tw/tokyo/A1302/A130201/13000548/
3.76,そば処 和邑,Sobadokoro Wamura,https://tabelog.com/tw/tokyo/A1305/A130502/13003972/
3.76,ローブリュー,LAUBURU,https://tabelog.com/tw/tokyo/A1306/A130602/13002092/
3.76,手打蕎麦 松永,Teuchisobamatsunaga,https://tabelog.com/tw/tokyo/A1306/A130601/13024514/
3.76,鮨 銀座 おのでら,Sushiginzaonodera,https://tabelog.com/tw/tokyo/A1301/A130101/13153824/
3.76,アンティキサポーリ,Antichi Sapori,https://tabelog.com/tw/tokyo/A1307/A130703/13159153/
3.76,食堂とだか,Shokudoutodaka,https://tabelog.com/tw/tokyo/A1316/A131603/13187669/
3.76,金田中 庵,Kanetanakaan,https://tabelog.com/tw/tokyo/A1301/A130101/13000591/
3.76,會水庵,Kaisuian,https://tabelog.com/tw/tokyo/A1308/A130801/13002183/
3.76,日南,Nichinan,https://tabelog.com/tw/tokyo/A1316/A131603/13001650/
3.76,mondo,Mondo,https://tabelog.com/tw/tokyo/A1317/A131703/13054007/
3.76,鳥栄,Toriei,https://tabelog.com/tw/tokyo/A1311/A131101/13003595/
3.76,潮州,Choushuu,https://tabelog.com/tw/tokyo/A1319/A131906/13001116/
3.76,ヴァリノール,Valinor,https://tabelog.com/tw/tokyo/A1319/A131906/13124693/
3.76,リストランテソットラルコ,Ristorante Sotto l'Arco,https://tabelog.com/tw/tokyo/A1301/A130101/13134899/
3.76,そばきり すずき,Sobakirisuzuki,https://tabelog.com/tw/tokyo/A1328/A132801/13017457/
3.76,牧野,Makino,https://tabelog.com/tw/tokyo/A1314/A131405/13027466/
3.76,紫仙庵,Senan,https://tabelog.com/tw/tokyo/A1317/A131710/13038860/
3.76,ラーメン二郎 神田神保町店,Ramenjirou,https://tabelog.com/tw/tokyo/A1310/A131003/13216512/
3.76,たでの葉,Tadenoha,https://tabelog.com/tw/tokyo/A1306/A130603/13208304/
3.76,割烹 喜作,Kappoukisaku,https://tabelog.com/tw/tokyo/A1307/A130702/13111754/
3.76,敦煌,Tonko,https://tabelog.com/tw/tokyo/A1309/A130903/13000935/
3.76,エリティエ,Heritier,https://tabelog.com/tw/tokyo/A1323/A132301/13130758/
3.76,レヴォル,revoru,https://tabelog.com/tw/tokyo/A1306/A130601/13219129/
3.76,カレーの店 ガン爺,Karenomiseganji,https://tabelog.com/tw/tokyo/A1308/A130802/13226045/
3.76,メゾン・ド・プティ・フール 本店,Mezondoputhifuru,https://tabelog.com/tw/tokyo/A1317/A131713/13003321/
3.76,ete,Ete,https://tabelog.com/tw/tokyo/A1303/A130301/13175455/
3.76,キャンベルタウン・ロッホ,CAMPBELLTOUN LOCH,https://tabelog.com/tw/tokyo/A1301/A130102/13014709/
3.76,絵里香,Erika,https://tabelog.com/tw/tokyo/A1301/A130101/13007794/
3.75,六厘舎,Rokurinsha,https://tabelog.com/tw/tokyo/A1302/A130201/13093047/
3.75,たいめいけん,Taimeiken,https://tabelog.com/tw/tokyo/A1302/A130202/13000488/
3.75,喜楽,Kiraku,https://tabelog.com/tw/tokyo/A1303/A130301/13001705/
3.75,麺屋ひょっとこ,Menyahyottoko,https://tabelog.com/tw/tokyo/A1301/A130102/13046637/
3.75,ラーメン二郎 三田本店,Ramenjirou,https://tabelog.com/tw/tokyo/A1314/A131402/13006051/
3.75,麺屋 翔 本店,Menyashou,https://tabelog.com/tw/tokyo/A1304/A130401/13040181/
3.75,日本橋 お多幸本店,Nihombashiotakouhonten,https://tabelog.com/tw/tokyo/A1302/A130202/13000323/
3.75,紀の善,Kinozen,https://tabelog.com/tw/tokyo/A1309/A130905/13000478/
3.75,銀座 朧月,Ginzaoboroduki,https://tabelog.com/tw/tokyo/A1301/A130101/13118141/
3.75,青島食堂 秋葉原店,Aoshimashokudou,https://tabelog.com/tw/tokyo/A1310/A131001/13094776/
3.75,麺処 銀笹,mentokoroginzasa,https://tabelog.com/tw/tokyo/A1301/A130103/13119563/
3.75,田中商店 本店,Tanakashouten,https://tabelog.com/tw/tokyo/A1324/A132404/13003726/
3.75,ラデュレ サロン・ド・テ 銀座三越店,Laduree Salon de the,https://tabelog.com/tw/tokyo/A1301/A130101/13053865/
3.75,草月,Sougetsu,https://tabelog.com/tw/tokyo/A1323/A132304/13003793/
3.75,curry 草枕,Karekusamakura,https://tabelog.com/tw/tokyo/A1304/A130402/13042970/
3.75,ハンバーグ ウィル,Hamburg Will,https://tabelog.com/tw/tokyo/A1304/A130402/13041176/
3.75,空也,Kuuya,https://tabelog.com/tw/tokyo/A1301/A130101/13002591/
3.75,トウキョウライトブルー ホンゴウスリー,TOKYO LIGHT BLUE HONGO-3,https://tabelog.com/tw/tokyo/A1310/A131004/13136989/
3.75,ガヴィアル,Gaviaru,https://tabelog.com/tw/tokyo/A1310/A131003/13000358/
3.75,RAMEN CiQUE,ra-menchikyuu,https://tabelog.com/tw/tokyo/A1319/A131905/13048520/
3.75,ラ･メゾン･デュ･ショコラ 丸の内店,Ramezondhushokora,https://tabelog.com/tw/tokyo/A1301/A130102/13000036/
3.75,ラーメン大至,Ramendaishi,https://tabelog.com/tw/tokyo/A1310/A131002/13042832/
3.75,CICADA,CICADA,https://tabelog.com/tw/tokyo/A1306/A130602/13004580/
3.75,ニューヨーク・グリル,Niyokuguriru,https://tabelog.com/tw/tokyo/A1304/A130401/13004204/
3.75,ビゴの店,bigonomise,https://tabelog.com/tw/tokyo/A1301/A130101/13002489/
3.75,アジャンタ,AJANTA,https://tabelog.com/tw/tokyo/A1308/A130803/13000438/
3.75,ウチョウテン,UCHOUTEN,https://tabelog.com/tw/tokyo/A1305/A130501/13003914/
3.75,ブラッスリー・ヴィロン 丸の内店,Brasserie VIRON ,https://tabelog.com/tw/tokyo/A1302/A130201/13020161/
3.75,パネッテリア・アリエッタ 五反田本店,Panetteria ARIETTA,https://tabelog.com/tw/tokyo/A1316/A131603/13019888/
3.75,來來來,Rairairai,https://tabelog.com/tw/tokyo/A1317/A131706/13001390/
3.75,インディアンレストラン　アールティ,Indhianresutoranaruthi,https://tabelog.com/tw/tokyo/A1310/A131001/13091984/
3.75,ハリッツ 上原店,Haritts,https://tabelog.com/tw/tokyo/A1318/A131811/13023466/
3.75,インペリアルバイキング サール,THE IMPERIAL VIKING SAL,https://tabelog.com/tw/tokyo/A1301/A130102/13002298/
3.75,うかい鳥山,Ukaitoriyama,https://tabelog.com/tw/tokyo/A1329/A132905/13006021/
3.75,中華そば ムタヒロ  1号店,chuukasobamutahiro,https://tabelog.com/tw/tokyo/A1325/A132502/13131257/
3.75,和栗や,Waguriya,https://tabelog.com/tw/tokyo/A1311/A131106/13130539/
3.75,ほていさん 本店,Hoteisan,https://tabelog.com/tw/tokyo/A1313/A131302/13002242/
3.75,栄寿司,Sakaezushi,https://tabelog.com/tw/tokyo/A1324/A132403/13008118/
3.75,表参道うかい亭,OMOTESANDO Ukai-tei,https://tabelog.com/tw/tokyo/A1306/A130601/13044361/
3.75,築地すし大 本館,Tsukijisushidai,https://tabelog.com/tw/tokyo/A1313/A131301/13002314/
3.75,山利喜 本館,Yamariki,https://tabelog.com/tw/tokyo/A1312/A131201/13002992/
3.75,吉田カレー ,Yoshidakare,https://tabelog.com/tw/tokyo/A1319/A131906/13132405/
3.75,とんかつひなた,Tonkatsuhinata,https://tabelog.com/tw/tokyo/A1305/A130503/13204289/
3.75,味坊,Ajibou,https://tabelog.com/tw/tokyo/A1310/A131002/13009143/
3.75,パークサイドダイナー,Parkside DINER,https://tabelog.com/tw/tokyo/A1301/A130102/13037894/
3.75,RESTAURANT DAZZLE,RESTAURANT DAZZLE,https://tabelog.com/tw/tokyo/A1301/A130101/13022542/
3.75,お好み焼 きじ 品川店,Okonomiyakikiji,https://tabelog.com/tw/tokyo/A1314/A131403/13120197/
3.75,ホレンディッシェ・カカオシュトゥーベ 新宿伊勢丹店,HOLLANDISCHE KAKAO-STUBE ,https://tabelog.com/tw/tokyo/A1304/A130401/13097078/
3.75,ラーメン二郎 ひばりヶ丘駅前店,Ramenjirou,https://tabelog.com/tw/tokyo/A1328/A132801/13024745/
3.75,リッチなカレーの店 アサノ,ricchinakare-nomiseasano,https://tabelog.com/tw/tokyo/A1327/A132701/13006035/
3.75,赤坂一龍 別館,Akasakaichiryuu,https://tabelog.com/tw/tokyo/A1308/A130801/13002759/
3.75,かれーの店 うどん ,kare-nomiseudon,https://tabelog.com/tw/tokyo/A1316/A131603/13004531/
3.75,ラ ブティック ドゥ ジョエル・ロブション 六本木ヒルズ店,LA BOUTIQUE de Joel Rubchon,https://tabelog.com/tw/tokyo/A1307/A130701/13020237/
3.75,フレンチ キッチン,The French Kitchen,https://tabelog.com/tw/tokyo/A1307/A130701/13003997/
3.75,大島,Ooshima,https://tabelog.com/tw/tokyo/A1312/A131205/13155875/
3.75,ちもと,Chimoto,https://tabelog.com/tw/tokyo/A1317/A131702/13003218/
3.75,ルヴァン 富ヶ谷店,Levain,https://tabelog.com/tw/tokyo/A1318/A131810/13001841/
3.75,麺処 篠はら,Mendokoroshinohara,https://tabelog.com/tw/tokyo/A1322/A132202/13188419/
3.75,味芳斎 支店,Mihousai,https://tabelog.com/tw/tokyo/A1314/A131401/13001509/
3.75,エーエス クラシックス ダイナー ROPPONGI,ＡＳ CLASSICS DINER,https://tabelog.com/tw/tokyo/A1307/A130701/13154413/
3.75,グリルK,Guriruke,https://tabelog.com/tw/tokyo/A1323/A132301/13059129/
3.75,カレー食堂 リトルスパイス,LITTLE SPICE,https://tabelog.com/tw/tokyo/A1320/A132001/13009943/
3.75,中華そば しながわ,chuukasobashinagawa,https://tabelog.com/tw/tokyo/A1322/A132202/13157559/
3.75,焼肉 稲田,Yakinikuinada,https://tabelog.com/tw/tokyo/A1316/A131601/13049914/
3.75,レゾナンス,resonance,https://tabelog.com/tw/tokyo/A1302/A130201/13020122/
3.75,中華風家庭料理 ふーみん,chuukafuukateiryourifu-min,https://tabelog.com/tw/tokyo/A1306/A130602/13002096/
3.75,タンタン,Tantan,https://tabelog.com/tw/tokyo/A1329/A132904/13046007/
3.75,グリルエフ,Guriruefu,https://tabelog.com/tw/tokyo/A1316/A131603/13001552/
3.75,とんかつ檍 銀座店,tonkatsuaoki,https://tabelog.com/tw/tokyo/A1301/A130101/13219635/
3.75,オテル・ドゥ・ミクニ,HOTEL DE MIKUNI,https://tabelog.com/tw/tokyo/A1309/A130902/13000846/
3.75,庭つ鶏,Niwatsudori,https://tabelog.com/tw/tokyo/A1316/A131603/13020732/
3.75,ヘイフンテラス,Hei Fung Terrace,https://tabelog.com/tw/tokyo/A1301/A130102/13042931/
3.75,赤鬼,Akaoni,https://tabelog.com/tw/tokyo/A1317/A131706/13001382/
3.75,とんかつ ゆたか,Tonkatsuyutaka,https://tabelog.com/tw/tokyo/A1311/A131102/13003669/
3.75,ヴォメロ,Vomero,https://tabelog.com/tw/tokyo/A1301/A130101/13139857/
3.75,イル ギオットーネ 丸の内店,IL GHIOTTONE,https://tabelog.com/tw/tokyo/A1302/A130201/13020096/
3.75,遠藤利三郎商店,Endourisaburoushouten,https://tabelog.com/tw/tokyo/A1312/A131203/13093602/
3.75,もつ鍋 やましょう 人形町店,motsunabeyamashou,https://tabelog.com/tw/tokyo/A1302/A130204/13038430/
3.75,ハレギンザ,HARE GINZA,https://tabelog.com/tw/tokyo/A1301/A130101/13000576/
3.75,パルテノペ 広尾店,Parutenope,https://tabelog.com/tw/tokyo/A1307/A130703/13005525/
3.75,鳥政,Torimasa,https://tabelog.com/tw/tokyo/A1306/A130602/13001258/
